cont,cont,cont,cont,cont,cont,cont,disc,disc,disc,disc,disc,disc,disc,disc,disc,disc,disc,disc,disc
0.035714,0.056992,1,1,0.85714,0.33333,0,1,5,4,5,5,3,1,1,3,2,3,2,1
0.78571,0.36218,0.33333,0.33333,0.053571,0,0,2,3,4,1,3,2,1,1,3,2,3,1,1
0.14286,0.11615,0.33333,0.66667,0.53571,0,1,4,5,7,1,4,3,1,1,3,2,2,1,1
0.67857,0.48542,0.33333,1,0.46429,0,1,1,3,3,1,4,3,3,2,3,3,3,1,1
0.35714,0.29319,0.66667,1,0.60714,0.33333,1,1,4,1,1,3,3,1,4,3,3,3,1,1
0.57143,0.56028,0.33333,1,0.28571,0,1,4,3,7,5,3,3,1,4,3,3,2,2,1
0.35714,0.16332,0.66667,1,0.60714,0,0,4,3,3,3,5,3,1,2,3,2,3,1,1
0.57143,0.42581,0.33333,0.33333,0.28571,0,0,2,3,2,1,3,3,1,3,3,1,4,2,1
0.14286,0.17761,0.33333,1,0.75,0,0,4,3,4,4,4,1,1,1,3,2,2,1,1
0.46429,0.31642,1,0.33333,0.16071,0.33333,0,2,5,1,1,1,4,1,3,3,2,4,1,1
0.14286,0.065033,0.66667,0,0.10714,0,0,2,3,1,1,2,2,1,3,3,1,3,1,1
0.78571,0.25732,0.66667,1,0.089286,0,0,1,3,10,1,2,2,1,2,3,1,3,1,1
0.14286,0.082392,0,0,0.053571,0,0,2,3,4,1,3,2,1,3,3,2,3,2,1
0.35714,0.058906,1,1,0.73214,0.33333,0,1,5,1,1,5,3,1,3,3,2,2,1,1
0.19643,0.071925,0.33333,1,0.16071,0,0,1,3,1,1,3,2,1,3,3,1,3,1,1
0.35714,0.064203,1,0.33333,0.23214,0,0,1,3,4,2,3,2,1,3,3,2,2,1,1
0.35714,0.13709,1,1,0.60714,0.33333,0,4,5,4,5,5,3,1,2,3,2,3,1,1
0.46429,0.49754,0.33333,0.66667,0.10714,0.66667,0,1,1,10,5,2,3,1,3,1,2,3,1,1
0.35714,0.78518,1,0.33333,0.44643,0,0,2,3,2,1,5,2,1,4,3,3,4,2,1
0.35714,0.20129,0.66667,0.33333,0.21429,0,1,4,3,4,3,5,3,1,3,3,2,3,2,1
0.089286,0.11858,1,1,0.51786,0.66667,0,4,5,1,1,3,3,1,3,3,2,3,2,1
0.035714,0.15132,0.33333,0.66667,0.44643,0,1,1,3,4,3,3,3,1,1,3,1,3,1,1
0.10714,0.12541,0,0.66667,0.51786,0.33333,1,1,5,1,1,2,3,1,1,3,1,2,1,2
0.14286,0.097517,0.66667,1,0.44643,0,0,2,5,2,2,2,3,1,2,3,2,3,1,1
0.10714,0.11443,0.33333,0,0.125,0.33333,0,4,5,3,5,3,4,1,3,3,2,3,1,2
0.035714,0.070075,0,0.33333,0.30357,0,0,1,3,3,1,3,3,1,1,1,2,2,2,1
0.035714,0.009573,1,1,0.35714,0,0,4,1,4,1,5,4,1,3,3,2,2,1,1
0.14286,0.0084881,0.66667,0.66667,0.41071,0.33333,0,3,2,4,4,3,2,1,1,3,1,3,1,1
0.053571,0.13651,0.66667,0.33333,0.26786,0,0,2,3,4,1,3,3,3,1,3,2,3,1,1
1,0.41866,0.66667,1,0.78571,0.33333,0,1,4,10,1,5,3,1,4,3,2,3,2,1
0.25,0.10447,0.66667,0.66667,0.30357,0,0,2,3,10,4,2,4,1,1,1,2,3,2,1
0.35714,0.23894,0.33333,0.33333,0.14286,0,0,1,3,3,1,3,3,1,3,2,2,3,1,1
0.25,0.35676,0.33333,0.33333,0.19643,0.33333,0,2,3,1,2,3,3,1,3,3,2,3,2,1
0.14286,0.063054,1,1,0.67857,0,0,4,5,10,5,5,3,1,4,3,1,2,1,1
0.14286,0.076457,1,0,0.25,0,0,3,3,3,1,2,2,1,2,1,2,4,2,1
0.73214,0.28528,1,0.33333,0.10714,0.33333,0,2,5,4,1,2,3,1,2,3,2,2,1,1
0.78571,0.37233,0,0.66667,0.21429,0,0,4,5,7,1,3,3,1,4,1,3,3,2,1
0.25,0.11641,1,0.33333,0.32143,0,0,3,3,4,1,3,3,2,1,2,2,3,1,1
0.10714,0.060565,0.33333,0.33333,0.32143,0,0,3,3,5,1,3,3,1,3,3,2,3,2,1
0.089286,0.011615,1,0.66667,0.089286,0,0,2,3,4,1,3,3,1,1,3,2,3,1,1
0.46429,0.13128,1,0.33333,0.19643,0,0,4,3,4,3,5,3,1,3,1,2,4,1,1
0.14286,0.056289,0.66667,0,0.125,0,0,2,3,4,3,3,1,1,3,3,2,3,2,1
0.25,0.37833,0.33333,1,0.44643,0,1,2,4,6,1,3,3,1,1,3,2,2,2,1
0.46429,0.37724,0,1,0.089286,0.33333,0,1,5,2,2,4,4,1,3,3,1,3,1,1
0.78571,0.37443,1,1,0.69643,0.33333,0,1,5,2,1,5,2,1,4,2,3,2,1,1
0.125,0.071287,1,1,0.28571,0.33333,0,4,5,1,1,2,2,1,3,3,2,4,1,1
0.57143,0.12911,1,1,0.35714,0,0,4,3,4,3,5,3,1,3,3,2,3,1,1
0.035714,0.068671,0,0.33333,0.071429,0,0,1,3,2,3,1,2,1,2,3,1,1,2,1
0.125,0.44368,0,1,0.35714,0.33333,0,4,5,1,1,3,3,1,2,3,2,2,1,1
0.14286,0.11469,1,0.33333,0.16071,0,0,4,3,4,2,3,2,2,1,3,2,3,1,1
0.35714,0.13128,1,0.33333,0.17857,0,0,2,4,3,5,2,3,1,2,1,2,2,1,1
0.41071,0.36307,0,0.33333,0.19643,0.33333,0,2,4,2,1,5,3,1,3,3,2,4,2,1
0.14286,0.062927,0.66667,0.33333,0.10714,0,0,4,3,4,1,3,3,1,3,3,2,3,1,1
0.25,0.19797,0.33333,0,0.21429,0,0,4,3,2,5,3,3,1,2,3,2,3,2,1
0.57143,0.12439,1,1,0.67857,0.33333,0,2,4,1,1,5,3,1,4,1,3,3,2,1
0.035714,0.032357,0,0.33333,0.125,0,1,4,2,1,5,3,3,3,1,2,2,2,1,1
0.14286,0.39518,0.33333,0,0.58929,0,0,2,3,4,5,1,3,1,4,3,2,4,2,1
0.57143,0.59289,0.33333,0.33333,0.21429,0.33333,0,4,5,4,1,3,2,1,3,2,2,3,1,1
0.25,0.10754,0.66667,0.33333,0.071429,0,0,3,3,1,1,5,2,1,3,3,2,4,1,1
0.57143,0.37992,1,1,0.071429,0.33333,0,1,5,3,1,2,2,2,4,3,1,2,2,1
0.089286,0.07116,0.33333,0,0.14286,0,0,2,3,10,1,3,4,1,1,1,2,3,2,1
0.19643,0.080477,1,1,0.55357,0.33333,0,2,5,4,5,5,3,3,1,3,2,3,2,1
0.57143,0.10703,1,1,0.75,0,0,2,1,10,1,5,3,1,4,3,3,4,2,1
0.78571,0.90274,0.33333,0.33333,0.10714,0,0,2,1,10,1,3,3,1,3,3,2,3,2,1
0.35714,0.1854,1,1,0.125,0,0,4,3,4,1,2,2,1,2,3,2,3,2,1
0.41071,0.31361,1,1,0.51786,1,1,4,3,6,5,5,3,1,2,3,2,3,2,1
0.14286,0.12094,0.33333,0.33333,0.17857,0,0,4,3,4,1,2,2,1,3,1,2,3,1,1
0.14286,0.046653,1,0,0.053571,0,0,2,3,1,4,3,4,1,1,3,2,3,1,1
0.57143,0.098475,1,1,0.32143,0,0,4,3,7,1,3,3,1,4,2,3,3,2,1
0.57143,0.13517,1,1,0.10714,0,0,4,3,4,5,3,2,1,3,3,2,3,1,1
0.57143,0.50144,0,0.33333,0.19643,0,0,4,3,2,1,3,2,1,2,1,2,3,1,1
0.053571,0.028974,1,0.33333,0.48214,0.33333,0,4,5,4,5,5,3,1,2,3,1,2,2,1
0.071429,0.056672,0.66667,1,0.57143,0.33333,1,1,5,11,1,5,3,1,4,1,3,4,2,1
0.67857,0.36237,0.33333,0,0.39286,0.33333,0,2,5,10,1,4,2,1,1,1,2,2,1,1
0.57143,0.10856,1,1,0.375,0,0,1,3,7,5,5,3,1,4,3,2,4,2,1
0.14286,0.079775,1,1,0.83929,0.33333,0,1,5,2,1,5,3,1,4,3,3,4,1,1
0.67857,0.23543,1,0.66667,0.26786,0,0,1,3,4,1,2,3,1,3,3,2,3,1,1
0.125,0.28687,0.33333,1,0.57143,0,0,2,4,4,1,4,3,1,2,3,2,3,1,1
0.89286,0.58459,0.33333,0.33333,0.35714,0,1,4,1,2,5,3,3,1,2,3,2,2,1,1
0.46429,0.22694,0.33333,0,0.053571,0,0,2,3,3,1,2,4,1,2,3,2,3,1,1
0.35714,0.36167,0,0,0.44643,0.33333,0,4,3,4,5,2,2,1,3,3,2,3,2,1
0.19643,0.0598,1,0.66667,0.5,0,0,4,3,4,3,5,3,1,2,2,2,3,2,1
0.25,0.082456,0.66667,1,0.089286,0,0,4,3,10,2,3,2,1,2,3,1,2,1,1
0.35714,0.09439,1,1,0.69643,0,0,1,3,11,1,5,2,3,1,3,2,2,2,1
0.10714,0.13013,0.66667,1,0.58929,0,0,1,3,4,1,5,3,1,1,3,2,2,1,1
0.14286,0.0725,1,0.33333,0.17857,0.33333,0,4,5,10,1,3,2,3,1,3,2,4,2,1
0.25,0.065033,1,0,0.14286,0.33333,0,2,5,3,1,2,2,1,2,3,2,3,1,1
0.57143,0.78729,0,1,0.5,0,1,2,3,7,2,3,3,1,4,3,3,3,2,1
0.25,0.12592,1,0.66667,0.19643,0,1,1,3,1,2,4,3,1,3,3,2,4,2,1
0.14286,0.053098,1,0.66667,0.16071,0.33333,0,1,1,6,1,4,3,1,1,3,2,3,1,1
0.14286,0.021827,1,1,0.66071,0,0,4,5,4,1,5,3,1,1,3,2,3,1,1
0.14286,0.072308,1,0.66667,0.625,0,0,1,5,2,1,5,3,1,1,3,2,3,1,1
0.14286,0.03325,1,0.66667,0.25,0,1,4,5,4,5,5,2,1,2,1,2,2,1,1
0.35714,0.21322,1,1,0.017857,0.33333,0,3,5,3,5,5,3,2,4,3,1,3,1,1
0.14286,0.066501,1,1,0.625,0,0,2,3,1,4,5,3,1,1,3,2,3,2,1
0.89286,1,0.66667,1,0.69643,0,0,2,1,10,1,2,3,1,4,3,1,3,2,1
0.14286,0.11079,1,0.33333,0.75,0,0,4,5,7,5,4,2,1,3,3,2,3,1,1
0.25,0.14972,1,1,0.26786,0,0,2,3,10,2,3,3,1,3,3,2,3,1,1
0.57143,0.13153,1,1,0.30357,0,0,2,5,4,1,5,3,1,1,3,2,3,1,1
0.28571,0.43277,0.66667,1,0.30357,0.33333,1,2,4,2,5,4,3,1,2,1,1,4,2,1
0.35714,0.076138,1,1,0.39286,0,0,4,3,1,2,5,4,1,1,3,1,2,1,1
0.57143,0.13064,1,1,0.089286,0,0,2,3,4,1,4,3,1,3,3,1,3,1,1
0.035714,0.041866,0.66667,0.33333,0.089286,0,0,4,4,4,1,3,2,1,1,3,2,3,1,1
0.089286,0.10486,1,0.66667,0.28571,0,0,2,5,3,1,4,3,1,3,3,1,3,2,1
0.14286,0.13843,0.33333,1,0.125,0,0,4,3,2,5,2,4,1,3,3,1,3,2,1
0.35714,0.74427,0.33333,0.66667,0.35714,0.33333,1,2,5,11,1,3,3,2,3,3,2,4,2,1
0.25,0.39454,0.33333,1,0.35714,0.33333,1,4,2,1,1,5,3,1,4,1,2,4,2,1
0.14286,0.37029,0.33333,0.33333,0.23214,0,0,2,3,1,1,4,3,1,3,3,2,3,1,1
0.35714,0.47514,0,0.33333,0.19643,0,0,1,3,3,5,2,2,1,2,3,2,3,2,2
0.17857,0.072372,0,0.33333,0.28571,0,0,2,3,10,3,5,4,1,1,3,2,3,2,1
0.035714,0.074861,0,0.33333,0.21429,0.33333,1,2,4,10,2,5,1,1,3,1,2,3,1,1
0.19643,0.0074032,1,1,0.071429,0,0,3,3,7,1,2,2,1,2,3,1,3,2,1
0.25,0.3819,0.66667,0.66667,0.16071,0,0,2,3,1,1,4,3,1,1,3,1,2,1,1
0.57143,0.48369,1,0.33333,0.10714,0.33333,0,4,5,1,1,3,2,1,1,2,2,3,2,1
0.14286,0.089604,0.66667,0,0.28571,0,0,1,3,4,3,5,4,1,1,3,2,3,1,1
0.78571,0.21073,1,0,0.5,0,0,4,5,4,5,5,3,1,1,3,2,3,2,1
0.67857,0.44023,1,0.66667,0.19643,0,0,1,3,4,5,4,2,1,3,3,2,4,2,1
0.10714,0.11845,0.33333,0.66667,0.14286,0.33333,0,1,5,3,5,2,2,2,1,3,1,3,1,2
0.51786,0.2556,0,1,0.071429,0.33333,0,1,5,3,3,3,2,1,3,3,2,3,1,1
0.14286,0.13338,0.66667,0.66667,0.30357,0,0,2,5,1,3,4,1,1,3,3,2,4,2,1
0.30357,0.099496,0.66667,0.33333,0.10714,0.33333,0,1,3,4,1,3,2,1,1,3,2,3,2,1
0.35714,0.22924,1,0.33333,0.39286,0.33333,0,4,5,2,1,5,2,1,3,3,1,4,2,1
0.14286,0.09522,0.66667,0.33333,0.089286,0,0,4,3,3,1,3,3,1,1,3,1,2,1,1
0.10714,0.032229,1,1,0.78571,0.33333,0,3,5,1,1,5,3,1,4,3,3,3,2,1
0.25,0.10518,1,0.66667,0.14286,0,0,2,3,3,5,2,2,1,1,3,1,3,1,1
0.14286,0.11775,1,0.33333,0.19643,0.33333,0,1,5,1,1,3,3,1,2,3,2,3,1,1
0.14286,0.027124,1,0.33333,0.375,0,0,1,3,4,1,3,4,1,1,3,2,2,1,1
0.14286,0.023167,1,0.33333,0.19643,0,0,2,3,6,1,3,3,1,3,3,2,3,1,1
0.14286,0.10109,1,0.33333,0.26786,0.33333,0,2,5,2,1,1,3,1,3,3,2,4,2,1
0.14286,0.20569,0.66667,0.33333,0.17857,0.33333,0,1,5,1,1,3,2,2,1,3,2,3,1,1
0.78571,0.52403,0,0.33333,0.089286,0,0,2,3,1,5,4,2,1,3,3,2,3,1,1
0.57143,0.42192,1,0.66667,0.17857,0,0,1,4,7,1,3,3,1,2,2,2,3,2,1
0.19643,0.15521,0.33333,0.66667,0.14286,0.33333,0,4,3,3,1,2,3,1,2,1,2,2,1,1
0.25,0.10901,1,1,0.5,0.33333,0,4,3,3,1,3,3,1,4,1,3,3,1,1
1,0.62978,0.33333,1,0.035714,0,0,4,3,4,2,4,2,1,1,3,2,3,2,1
0.14286,0.061523,1,0.33333,0.33929,0.33333,0,4,5,4,5,5,2,1,1,3,2,3,2,1
0.41071,0.53207,0.33333,0.33333,0.14286,0.33333,0,4,4,2,4,3,3,1,3,3,2,3,1,1
0.14286,0.031272,1,0.66667,0.83929,0,0,2,3,4,3,3,3,1,1,3,2,2,1,1
0.19643,0.15649,1,0.33333,0.28571,0.66667,0,2,5,4,5,4,3,3,1,1,2,3,2,1
0.14286,0.10243,0.33333,0.33333,0.44643,0,0,3,3,4,1,3,2,1,3,3,1,2,2,1
0.035714,0.027634,0.33333,0.33333,0.14286,0,0,3,3,1,4,2,4,1,1,3,2,1,1,2
0.57143,0.2884,1,0,0.19643,0,0,2,3,4,1,2,2,1,4,3,2,4,2,1
0.41071,0.2004,0.66667,0.33333,0.14286,0,0,1,3,4,1,3,3,1,3,3,2,4,1,1
0.25,0.13951,0.33333,0.33333,0.053571,0,0,1,3,3,1,3,3,1,3,3,2,3,1,1
0.30357,0.12841,1,1,0.071429,0,0,4,5,3,1,2,2,1,2,3,2,3,2,1
0.78571,0.20997,1,0.33333,0.19643,0,0,2,2,10,2,4,3,1,3,3,2,3,1,1
0.035714,0.037271,0,1,0.35714,0.33333,0,1,5,1,1,5,2,1,4,3,2,3,2,1
0.14286,0.025911,1,0.66667,0.57143,0.33333,0,4,5,1,2,4,2,1,3,3,2,3,2,1
0.57143,0.32516,0.66667,0.33333,0.16071,0.33333,0,1,5,3,1,3,3,3,2,3,2,3,1,1
0.25,0.083349,1,1,0.48214,0.33333,0,4,5,4,4,5,3,1,3,3,2,3,1,1
0.035714,0.068288,0.33333,1,0.41071,0,1,4,3,4,2,5,3,1,4,1,3,3,2,1
0.10714,0.10518,0,1,0.33929,0,0,4,3,4,1,3,3,1,2,3,2,3,2,2
0.57143,0.35561,1,0,0.089286,0,0,3,3,4,1,3,3,1,3,3,2,3,1,1
0.35714,0.4775,0.33333,1,0.17857,0,0,2,5,2,4,5,2,1,4,3,1,3,1,1
0.35714,0.42702,1,1,0.30357,0,0,2,4,10,2,4,3,1,3,3,1,4,2,1
0.14286,0.064203,0.33333,1,0.017857,0,0,1,3,3,1,3,2,1,3,3,1,3,1,1
0.089286,0.064586,0.66667,1,0.51786,0.33333,1,1,5,6,2,5,3,3,1,3,2,3,1,2
0.14286,0.0040207,1,0,0.46429,0,0,1,2,9,1,5,4,1,3,1,2,2,1,1
0.35714,0.20652,0.33333,0.66667,0.33929,0.33333,0,2,3,1,2,4,3,1,3,1,2,3,2,1
0.035714,0.10352,0,0.33333,0.26786,0.33333,1,4,5,4,5,3,3,1,1,3,2,2,1,1
0.35714,0.16568,0.66667,1,0.30357,0,1,4,5,4,2,5,3,1,1,3,2,3,2,1
0.25,0.049716,1,0,0.19643,0.33333,0,4,5,1,1,2,2,1,2,3,2,3,1,1
0.19643,0.062927,1,0.66667,0.30357,0.33333,0,4,3,5,3,4,3,1,2,3,2,3,2,1
0.10714,0.44878,0.33333,1,0.91071,0,0,2,3,1,1,1,3,1,4,1,3,4,2,1
0.57143,0.040398,1,1,0.30357,0,0,4,3,1,3,5,3,1,2,3,2,3,1,1
0.035714,0.17244,0,0.33333,0.23214,0,0,4,3,3,3,3,3,1,3,3,2,3,2,1
0.25,0.054566,1,0.33333,0.25,0,0,1,3,3,1,1,2,1,3,3,2,3,1,1
0.125,0.08303,1,0,0.017857,0,0,2,3,3,4,2,2,1,1,3,2,3,1,1
0.35714,0.23588,0.33333,1,0.10714,0,0,4,3,3,1,4,2,1,2,3,1,3,2,1
0.35714,0.10588,1,1,0.21429,0.33333,0,2,5,10,1,5,1,1,1,3,2,3,2,1
0.19643,0.043015,1,0.66667,0.25,0.33333,1,1,1,1,1,5,3,1,3,3,1,3,1,1
0.14286,0.03108,1,0,0.125,0,0,4,3,3,1,3,2,1,1,3,2,3,2,1
0.35714,0.11411,0.66667,0.33333,0.26786,0,0,2,4,3,1,1,2,1,2,3,2,4,2,1
0.071429,0.072627,1,0.33333,0.25,0,0,2,3,4,1,3,3,3,1,3,2,3,1,2
0.30357,0.20027,0.33333,0,0.125,0.33333,0,1,4,7,1,2,3,1,2,3,2,3,1,1
0.46429,0.46008,1,0,0.60714,0,0,4,2,2,5,1,2,1,1,1,2,4,2,1
0.14286,0.14685,0.33333,0,0.41071,0,0,1,3,3,1,3,1,1,3,3,2,3,1,1
0.035714,0.0039569,1,1,0.58929,0.33333,0,1,5,4,3,5,3,1,3,3,2,3,1,1
0.14286,0.10766,1,0.33333,0.21429,0.33333,1,4,3,4,1,4,3,1,3,3,1,4,2,1
0.30357,0.018827,1,1,0.82143,0.33333,0,1,5,1,1,5,3,1,1,3,2,3,1,1
0.57143,0.59327,0,0,0.16071,0.33333,0,4,4,10,1,2,1,1,3,3,2,3,1,1
0.57143,0.2667,0.33333,0.33333,0.19643,0.33333,0,2,4,10,1,3,1,1,1,2,2,4,2,1
0.30357,0.087498,1,0.33333,0.375,0.33333,1,1,2,1,5,3,3,1,2,3,2,2,1,1
0.35714,0.22343,1,1,0.55357,0,0,4,5,3,4,3,3,1,1,3,2,3,2,1
0.25,0.038803,1,1,0.30357,0,1,2,5,1,1,5,3,1,3,1,2,3,2,1
0.19643,0.069181,1,0.33333,0.21429,0.33333,0,4,5,4,1,3,3,1,2,3,2,3,1,1
0.089286,0.30972,0.33333,1,0.98214,0,1,2,2,2,1,5,2,1,4,1,3,4,2,1
0.21429,0.057374,0.33333,0.66667,0.875,0.66667,0,2,5,1,1,1,3,1,3,3,3,1,2,1
0.14286,0.0254,1,0,0.017857,0,0,1,3,4,2,4,4,1,2,3,2,3,1,1
0.25,0.18942,0,1,0.25,0.33333,0,2,1,3,1,3,2,1,3,1,2,3,2,1
0.35714,0.27538,0.33333,0.66667,0.625,0.66667,0,4,3,10,4,3,3,1,2,3,2,4,2,1
0.78571,0.22771,1,1,0.26786,0,1,2,1,10,2,4,3,1,4,3,3,2,1,1
0.41071,0.23224,1,0.33333,0.30357,0,1,2,3,10,1,3,3,1,3,3,2,3,2,1
0.035714,0.11692,0.33333,0.33333,0.17857,0,0,4,3,4,1,4,4,1,1,3,1,3,1,1
0.73214,0.17582,1,1,0.035714,0,0,2,3,4,2,3,3,3,2,3,1,3,1,1
0.089286,0.07818,0.33333,0.66667,0.26786,0.33333,0,2,5,7,1,5,2,1,3,3,2,4,2,1
0.035714,0.070585,0,0,0.16071,0.33333,0,4,5,4,1,3,2,1,3,3,2,3,2,1
0.14286,0.043079,1,1,0.14286,1,0,2,3,3,2,2,2,1,3,1,1,3,1,1
0.35714,0.15853,1,1,0.30357,0,0,2,3,2,5,5,3,1,4,1,3,3,2,1
0.25,0.25662,1,0.66667,0.375,0,0,2,4,3,1,5,1,1,4,3,2,4,2,1
0.089286,0.042121,1,0.33333,0.58929,0.33333,0,4,5,7,3,5,3,1,3,3,2,3,2,1
0.14286,0.056928,1,0.66667,0.14286,0,0,1,3,1,1,3,4,1,1,3,2,2,1,1
0.41071,0.30895,0.66667,1,0.125,0.33333,0,4,4,10,1,4,3,1,3,3,2,3,1,1
0.14286,0.039951,1,1,0.035714,0,0,1,3,9,1,4,4,1,2,3,1,3,1,1
0.14286,0.077797,1,0,0.33929,0.33333,1,4,5,1,1,5,3,1,1,3,2,2,1,1
0.46429,0.66035,0.66667,1,0.33929,0.66667,1,1,5,2,1,5,3,1,4,3,3,4,2,1
0.14286,0.10588,1,1,0.42857,0.66667,0,4,5,3,1,5,3,1,1,3,2,3,2,1
0.14286,0.073266,1,0.66667,0.125,0,0,2,5,5,1,4,3,1,2,3,2,3,1,1
0.35714,0.40156,0.33333,0.33333,0.035714,0,0,1,3,10,1,3,4,1,3,2,2,2,1,1
0.14286,0.072564,0.66667,0.33333,0.64286,0,0,4,3,2,4,4,3,1,2,3,2,3,1,2
0.089286,0.17857,0,0.33333,0.25,0.33333,1,4,5,4,5,3,3,1,1,3,2,3,1,1
0.57143,0.22714,0.33333,1,0.46429,0,0,4,3,4,5,5,2,1,1,3,2,2,2,1
0.41071,0.32019,0.33333,1,0.55357,0.33333,0,1,1,10,1,1,3,1,2,2,2,3,2,1
0.46429,0.10415,1,1,0.83929,0,0,3,4,10,1,5,3,1,1,3,2,4,2,1
0.57143,0.19567,1,0.33333,0.57143,0,0,4,5,4,5,5,3,1,3,3,2,3,2,1
0.035714,0.041866,0,0.66667,0.35714,0.33333,0,2,5,9,5,4,2,1,2,3,2,2,1,1
0.25,0.18048,0.66667,0,0.21429,0,0,1,1,10,1,4,3,1,2,1,2,3,2,1
0.57143,0.23211,0.33333,0.33333,0.071429,0,0,3,3,4,1,3,3,1,1,3,2,3,2,1
0.35714,0.17519,0.33333,0.33333,0.089286,0,0,1,3,3,1,3,1,1,1,3,1,2,1,1
0.10714,0.069436,0.33333,1,0.80357,0,0,4,3,1,1,3,2,1,3,3,2,3,2,1
0.14286,0.022273,1,0,0.125,0,0,2,3,4,1,2,4,3,1,1,2,2,1,1
0.14286,0.05897,1,1,0.071429,0,0,1,3,7,5,3,2,1,2,1,1,3,2,1
0.14286,0.027507,1,0.33333,0.19643,0.33333,0,4,3,4,1,3,3,1,1,1,2,3,1,1
0.35714,0.17244,1,1,0.23214,0.33333,1,4,4,10,5,3,3,1,1,3,2,3,2,1
0.19643,0.2796,0.66667,0.33333,0.19643,0,0,4,3,2,1,3,3,1,3,3,2,3,2,1
0.57143,0.14915,1,0.33333,0.14286,0.33333,0,4,1,6,1,3,3,1,3,3,2,3,1,1
0.78571,0.68192,0,0.33333,0.14286,0.33333,0,2,3,4,4,4,3,2,4,1,2,3,2,1
0.14286,0.48433,1,1,0.60714,0,0,1,3,3,1,5,3,1,4,3,3,4,2,1
0.089286,0.076712,1,0.33333,0.053571,0,0,4,3,4,1,4,3,1,3,3,2,3,1,1
0.35714,0.18336,1,0,0.053571,0,0,1,3,3,1,2,3,1,4,1,3,3,1,1
0.57143,0.25107,1,0.33333,0.125,0,0,3,3,4,1,3,3,1,3,3,2,3,1,1
0.089286,0.14238,0.33333,1,0.57143,0,0,4,3,1,3,5,3,1,4,3,3,2,1,1
0.14286,0.11902,0.66667,0,0.28571,0,0,4,3,4,2,4,3,1,4,3,2,3,1,1
0.25,0.037654,1,0.33333,0.10714,0,0,2,3,4,1,3,4,3,1,3,2,2,1,1
0,0.080924,0.33333,0,0.41071,0.66667,1,4,5,4,1,4,3,1,1,3,2,2,1,1
0.35714,0.09873,1,0.33333,0.19643,0,1,1,3,4,1,1,3,1,3,2,2,4,1,1
0.035714,0.91129,0,0.33333,0.071429,0,0,2,3,1,5,1,3,1,2,3,2,1,2,1
0.30357,0.15898,1,0.33333,0.75,0.33333,0,2,3,10,2,5,1,1,3,1,1,2,1,1
0.14286,0.064778,1,0.33333,0.28571,0.33333,0,4,5,4,1,3,2,1,2,3,2,3,1,1
0.46429,0.14334,0,0.66667,0.35714,0,1,1,3,4,1,5,3,3,2,3,2,3,1,1
0.35714,0.040781,1,0.33333,0.17857,0,0,1,3,1,5,5,2,1,3,1,2,3,1,1
0.035714,0.084179,0.66667,0.33333,0.57143,0,1,4,3,4,1,4,3,1,2,3,2,3,1,1
0.78571,0.27628,0.66667,1,0.089286,0.33333,1,1,1,2,1,5,3,1,4,3,3,3,1,1
0.14286,0.058013,0.66667,0.33333,0.14286,0.33333,0,4,5,10,1,3,2,1,1,3,2,3,1,1
0.14286,0.20237,1,0.66667,0.28571,0,1,4,2,9,3,3,2,1,1,3,2,2,1,1
0.35714,0.062672,1,0,0.10714,0,0,4,3,10,1,4,3,1,1,3,2,3,2,1
0.14286,0.028145,1,1,0.58929,0.66667,0,4,5,4,1,5,3,1,1,3,2,3,1,1
0.035714,0.059225,1,0,0.28571,0,0,4,1,1,2,3,3,1,4,1,1,3,1,2
0.35714,0.10524,0.33333,0.33333,0.125,0,0,3,3,3,1,3,3,1,1,3,2,3,1,1
0.25,0.01002,0.66667,1,0.053571,0,0,4,3,4,1,1,2,2,1,3,1,3,1,1
0.035714,0.02489,0.66667,1,0.35714,0.33333,0,1,5,1,4,4,2,1,1,3,2,2,2,1
0.14286,0.12605,0,0.33333,0.48214,0,0,3,3,3,1,3,2,1,3,3,2,2,1,1
0.46429,0.1196,1,0.33333,0.089286,0,0,2,3,1,1,3,2,3,4,1,2,3,1,1
0.35714,0.2473,0.33333,0.66667,0.28571,0.33333,0,4,4,3,2,3,3,1,2,3,2,3,1,1
0.089286,0.11194,0.33333,0,0.089286,0,0,2,3,3,5,4,3,1,3,3,2,3,2,1
1,0.4558,0,0,0.14286,0,0,2,4,4,5,3,3,1,1,3,2,2,1,1
0.35714,0.15368,1,0.33333,0.28571,0.33333,0,4,5,4,1,3,3,1,1,3,2,2,1,1
0.14286,0.11954,1,0,0.17857,0,0,1,2,4,1,3,1,1,4,3,3,3,1,1
0.19643,0.22567,0,1,0.071429,0,0,4,3,2,2,2,2,1,3,3,2,3,2,1
0.125,0.056034,1,1,0.67857,0.66667,0,4,5,4,2,1,2,1,1,3,2,2,1,1
0.14286,0.088136,0.33333,0.33333,0.14286,0,0,1,3,3,1,3,3,1,1,3,2,3,1,1
0.35714,0.08469,1,1,0.64286,0,0,1,3,4,1,5,2,1,3,3,2,3,1,1
0.25,0.32076,0.33333,1,0.30357,0.66667,0,1,5,1,1,5,3,1,4,3,3,4,2,1
0.14286,0.15776,0.33333,1,0.67857,0.66667,0,4,5,7,1,5,2,1,4,1,3,2,1,1
0.10714,0.060948,0.66667,1,0.23214,0.33333,1,4,5,1,1,5,3,1,1,3,2,2,1,2
0.19643,0.033569,1,0.66667,0.32143,0,1,2,3,4,1,5,3,1,3,3,2,3,1,1
0.57143,0.38471,1,1,0.30357,0.33333,0,4,5,10,5,5,3,1,1,3,2,3,1,1
0.35714,0.080222,1,0.66667,0.33929,0,0,4,3,4,1,2,2,1,3,2,2,3,2,1
0.17857,0.55536,0,1,0.46429,0,0,1,3,1,1,5,1,1,2,3,2,4,2,2
0.35714,0.046142,1,0.33333,0.10714,0.33333,0,4,3,4,5,5,3,1,3,3,2,3,1,1
0.25,0.15228,1,0.66667,0.23214,0,0,4,3,1,5,4,3,1,2,3,2,3,1,2
0.14286,0.071862,0.66667,1,0.32143,0,0,4,5,3,3,4,2,1,3,3,1,3,2,1
0.78571,0.75901,1,1,0.30357,0,0,2,2,1,5,1,3,2,4,3,3,4,2,1
0.78571,0.17768,1,1,0.16071,0.33333,0,2,3,4,1,4,3,1,1,3,2,3,1,1
0.46429,0.7481,0,0,0.26786,0,0,1,3,6,1,2,1,1,4,3,2,2,2,1
0.089286,0.15451,0,0.33333,0.23214,0,1,4,3,4,1,3,3,1,1,3,2,3,1,1
0.25,0.13581,0.33333,0.33333,0.125,0.33333,0,4,5,4,1,3,2,1,3,3,2,3,1,1
0.14286,0.062927,0.33333,1,0.53571,0,0,1,3,3,5,5,1,1,2,3,2,2,2,1
0.035714,0.27666,0,1,0.23214,0,0,4,3,3,1,2,2,1,2,3,2,3,1,1
0.35714,0.10371,1,1,0.17857,0,0,4,3,4,2,3,3,1,3,3,1,4,2,1
0.19643,0.19733,0.66667,1,0.071429,0.33333,0,4,5,2,4,5,3,1,4,3,1,3,2,1
0.14286,0.082839,1,0.33333,0.55357,0,0,4,3,3,1,3,3,1,1,3,2,3,1,1
0.25,0.074606,1,1,0.53571,0,0,3,2,4,5,4,3,1,3,1,2,2,1,1
0.19643,0.079392,1,1,0.78571,0,0,4,5,3,5,5,3,1,2,3,2,3,1,1
0.35714,0.22988,1,0.33333,0.32143,0,0,2,5,1,2,2,1,1,3,3,2,3,2,1
0.76786,0.66667,0,0,0.28571,0,0,1,3,1,1,2,2,1,1,3,2,2,2,1
0.78571,0.28796,1,0.66667,0.125,0,1,1,3,2,1,4,3,1,2,3,2,3,1,1
0.78571,0.46627,0.33333,1,0.21429,0,0,2,4,11,2,1,3,1,4,3,3,4,2,1
0.14286,0.052077,1,1,0.53571,0.33333,0,2,3,4,1,3,2,3,1,3,2,3,2,1
0.35714,0.047738,1,1,0.51786,0,0,1,4,4,1,2,4,1,1,2,2,3,1,1
0.14286,0.051056,0.33333,0.33333,0.125,0,0,4,3,10,1,3,4,1,1,3,2,3,2,2
0.57143,0.58217,0,1,0.16071,0,0,2,3,2,1,2,4,1,3,3,1,4,2,1
0.35714,0.39205,0.33333,1,0.44643,0.33333,1,1,5,2,1,5,2,1,4,3,3,4,2,1
0.67857,0.28847,1,1,0.66071,0,0,3,5,2,1,5,3,1,4,3,3,3,1,1
0.78571,0.46927,1,0.33333,0.48214,0.33333,1,4,5,10,5,5,1,1,3,1,2,4,1,1
0.78571,0.61804,0,0.33333,0.125,0,0,2,3,3,1,2,2,1,3,3,2,3,2,1
0.14286,0.28075,0,1,0.017857,0,0,4,3,2,5,2,2,1,3,3,1,3,1,1
0.10714,0.064522,1,0.33333,0.46429,0,0,4,3,1,5,5,3,2,2,3,2,2,1,2
0.25,0.14289,0.66667,1,0.42857,0,0,4,3,3,1,3,3,1,1,3,2,3,2,1
0.30357,0.15757,0.66667,0.33333,0.23214,0.33333,0,2,5,3,4,4,3,1,3,3,2,3,2,1
0.035714,0.025273,0,1,0.625,0,0,4,3,1,1,1,2,1,1,3,2,1,2,1
0.57143,0.22516,1,0,0.41071,0,0,2,1,4,1,3,2,1,3,3,2,3,2,1
0.35714,0.06816,1,0.33333,0.32143,0.33333,1,3,5,1,5,4,3,1,1,1,2,2,1,1
0.10714,0.048631,1,0.66667,0.53571,0.33333,0,1,5,1,1,4,3,2,2,3,2,3,2,1
0.78571,0.62869,0.33333,0.33333,0.44643,0,0,4,5,1,3,3,3,1,4,1,3,3,1,1
0.035714,0.08086,1,0.33333,0.25,0,0,4,3,3,4,3,1,1,1,3,2,3,1,1
0.46429,0.28942,0.33333,1,0.089286,0,0,4,3,2,5,4,2,1,2,2,1,2,1,1
0.14286,0.028783,1,0.66667,0.25,0,0,1,3,4,2,2,4,1,4,3,2,2,2,1
0.071429,0.061331,0.66667,1,0.089286,0,0,2,3,3,1,3,2,1,1,3,2,3,1,1
0.089286,0,1,1,0.053571,0,0,2,3,1,1,3,4,1,1,3,1,2,1,1
0.78571,0.3258,0.66667,1,0.375,0,0,2,3,11,5,1,3,1,4,1,3,1,2,1
0.35714,0.3341,1,0,0.10714,0,0,4,3,3,2,3,3,1,3,2,2,3,1,1
0.35714,0.22165,0.33333,1,0.125,0,0,3,3,3,1,2,2,1,3,3,2,3,1,1
0.14286,0.026102,0.33333,0.66667,0.10714,0,0,2,3,1,1,4,4,1,3,1,2,2,1,1
0,0.077733,0,0.33333,0.17857,0,1,3,3,1,5,2,3,1,1,3,2,2,1,2
0.57143,0.15764,1,1,0.21429,0,0,1,2,3,1,5,3,1,3,1,2,3,1,1
0.14286,0.02757,0.33333,0.66667,0.33929,0,1,1,3,3,1,3,3,3,2,3,2,2,1,1
0.35714,0.26007,0,1,0.51786,0,0,2,3,3,5,3,2,1,2,3,2,2,2,1
0.14286,0.027124,1,0.33333,0.23214,0.33333,0,4,5,7,1,3,3,1,3,3,2,3,1,1
0.19643,0.21488,0,1,0.14286,0.33333,0,1,4,3,1,5,2,1,2,3,2,2,1,1
0.46429,0.25356,1,0.33333,0.16071,0.33333,0,2,5,1,1,1,4,1,3,3,2,4,1,1
0.35714,0.10607,1,0.66667,0.23214,0,0,1,3,4,1,2,1,1,2,3,2,3,1,1
0.35714,0.1681,0.33333,0,0.26786,0,0,1,3,2,1,4,3,1,4,3,3,4,2,1
0.25,0.15208,1,0.33333,0.16071,0,0,1,3,3,4,3,3,1,3,3,2,3,1,1
0.25,0.047993,1,0.66667,0.30357,0.33333,0,4,5,1,1,3,2,1,1,3,2,3,1,1
0.071429,0.19925,0,1,0.35714,0.33333,0,1,5,1,1,4,3,1,1,3,2,2,1,2
0.14286,0.35261,0.33333,1,0.53571,0,0,4,5,3,5,5,3,1,2,3,1,3,2,1
0.35714,0.079712,1,0.66667,0.26786,0,1,4,3,1,4,4,2,1,3,3,2,3,2,1
0.57143,0.26785,1,0.33333,0.21429,0,0,3,3,4,1,5,3,1,3,3,2,3,1,1
0.035714,0.050546,1,1,0.16071,0,1,2,3,4,1,5,3,1,3,3,2,3,1,1
0.35714,0.40456,0.33333,1,1,0.33333,0,1,5,2,1,1,3,1,4,3,3,4,2,1
0.25,0.10135,1,0.33333,0.19643,0.33333,0,4,5,7,2,3,2,1,1,3,2,3,1,1
1,0.45517,1,0.33333,0.089286,0,0,2,3,1,2,2,2,1,2,3,2,4,1,1
0.78571,0.72206,0.33333,1,0.089286,0.33333,0,4,5,2,2,3,2,1,3,1,1,2,1,1
0.35714,0.24469,0.66667,1,0.071429,0.33333,1,1,1,3,1,5,3,1,4,1,1,3,1,1
0.035714,0.19835,0,1,0.44643,0,0,1,5,3,1,3,1,1,1,3,1,4,2,1
0.16071,0.11647,0.33333,1,0.071429,0,0,2,3,4,1,2,2,3,2,3,2,2,1,1
0.19643,0.063756,1,0.33333,0.089286,0,0,1,3,5,5,3,2,1,3,3,1,3,1,1
0.35714,0.24845,1,1,0.16071,0,0,1,3,3,1,3,3,1,2,3,2,3,1,1
0.10714,0.079456,1,0.33333,0.21429,0,0,2,3,3,1,3,1,1,3,3,2,2,1,1
0.35714,0.34891,0.33333,1,0.089286,0.33333,0,2,5,7,1,2,2,1,4,3,3,3,2,1
0.30357,0.21207,0,1,0.125,0,0,1,3,3,1,4,2,1,3,3,1,2,1,1
0.25,0.18744,0,0.66667,0.10714,0,0,2,3,4,3,2,4,1,1,3,1,3,1,1
0.25,0.26568,0,0,0.25,0,0,2,3,10,1,5,3,2,1,1,2,4,2,1
0.10714,0.23441,0,0,0.32143,0,1,3,3,1,1,2,3,3,2,3,2,2,1,1
0.19643,0.075499,1,0.33333,0.42857,0,0,4,5,4,1,3,2,1,3,3,2,2,1,1
0.16071,0.038675,1,1,0.071429,0.33333,0,2,5,4,1,2,3,3,1,3,2,3,1,1
0.35714,0.22222,0,1,0.071429,0,0,2,3,4,3,1,2,1,4,3,1,1,1,1
0.035714,0.093624,0,0.33333,0.26786,0.33333,0,4,4,10,2,3,3,1,1,3,2,2,1,1
0.089286,0.054885,1,0.66667,0.23214,0.33333,1,2,5,7,4,5,3,1,4,3,3,3,1,1
0.089286,0.061267,0,1,0.071429,0,0,4,3,5,1,2,2,1,1,3,1,3,2,1
0.089286,0.043589,0,0.33333,0.17857,0,0,2,3,3,1,3,2,1,3,3,2,3,1,2
0.25,0.18846,0.33333,1,0.33929,0,0,4,5,2,5,1,3,1,4,3,2,4,2,1
0.14286,0.37801,1,0.33333,0.16071,0.33333,0,1,1,4,1,3,3,1,2,3,1,3,2,1
0.10714,0.028783,1,1,0.48214,0,0,4,3,7,3,5,3,1,4,3,3,3,2,1
0.35714,0.061906,1,0.33333,0.071429,0,0,2,3,1,1,2,3,1,1,2,2,2,1,1
0.14286,0.13115,0,1,0.53571,0,0,4,5,4,5,5,3,2,1,3,2,3,2,1
0.57143,0.26722,1,0.33333,0.125,0.33333,0,4,4,4,1,3,3,1,3,3,2,4,2,1
0.14286,0.03191,1,0.33333,0.16071,0,0,4,3,4,1,3,4,1,1,3,2,3,1,1
0.46429,0.13594,1,1,0.071429,0,0,1,3,3,1,4,2,1,1,3,1,3,1,1
0.25,0.061459,1,1,0.75,0,0,2,3,7,5,3,3,1,4,3,3,3,1,1
0.14286,0.19931,0.33333,0.66667,0.32143,0,0,3,3,4,5,5,3,1,3,3,2,4,1,1
0.14286,0.12579,0.33333,0.33333,0.30357,0.33333,0,3,4,1,1,3,2,1,3,2,2,3,2,1
0.035714,0.095092,0,0.33333,0.035714,0,0,4,3,3,1,3,4,1,2,3,1,3,1,1
0.25,0.14021,1,0,0.10714,0,0,1,3,3,1,1,3,1,3,3,2,1,1,1
0.14286,0.080796,0.33333,1,0.30357,0,0,4,3,10,1,4,3,1,3,3,2,3,2,1
0.25,0.22809,0.66667,0,0.14286,0.33333,0,4,5,2,1,4,3,1,3,3,2,3,1,1
0.25,0.21533,0,1,0.053571,0,0,1,3,3,1,2,2,1,3,3,1,3,1,1
0.57143,0.20231,1,0.33333,0.41071,0,1,1,3,3,1,5,3,1,3,3,2,3,1,1
0.25,0.17391,0.33333,1,0.375,0,0,2,3,3,1,4,2,1,1,3,1,3,1,1
0.57143,0.17889,1,1,0.30357,0,0,4,3,1,5,3,3,1,1,3,2,3,1,1
0.25,0.36977,0.66667,1,0.25,0.33333,0,4,5,4,1,5,3,1,3,3,2,3,2,1
0.10714,0.11934,0,0.66667,0.071429,0.33333,0,4,5,3,1,2,2,1,1,3,1,3,1,1
1,0.8603,0.33333,1,0.78571,0,0,4,5,1,5,5,3,1,4,1,3,4,2,1
1,0.92578,0.66667,1,0.73214,0.33333,0,2,2,11,2,5,2,1,4,1,3,4,2,1
0.78571,0.47284,0.33333,1,0.32143,0,0,1,2,10,1,4,2,3,3,3,1,3,1,1
0.25,0.13045,0.33333,0.66667,0.26786,0.33333,0,4,4,4,1,1,4,1,1,3,2,3,1,1
0.053571,0.036378,0.66667,1,0.30357,0,0,4,4,4,5,5,3,1,4,3,3,3,1,1
0.57143,0.89616,1,0.33333,0.67857,0,0,2,3,1,1,5,3,1,4,3,3,4,2,1
0.035714,0.0054885,1,1,0.58929,0.33333,0,4,5,1,2,3,2,1,3,3,2,2,1,1
0.28571,0.12356,1,1,0.35714,0,0,1,3,3,5,4,3,1,3,3,2,3,2,1
0.25,0.81052,0.66667,1,0.33929,0,0,2,3,2,1,1,2,1,4,3,3,4,2,1
0.32143,0.064267,1,1,0.10714,0,0,4,3,1,5,4,2,1,2,3,1,3,1,1
0.14286,0.067267,1,0,0.125,0,0,3,3,1,1,2,3,1,1,3,2,3,1,1
0.46429,0.25503,0.33333,0.33333,0.125,0.33333,0,4,4,10,2,3,3,1,2,3,2,2,1,1
0.25,0.12522,0.33333,0,0.10714,0.33333,0,4,5,4,1,3,2,1,3,3,2,3,1,1
0.25,0.054247,1,0.33333,0.035714,0,0,4,3,4,5,2,2,1,1,3,1,3,2,1
0.25,0.453,1,1,0.375,0.33333,0,2,5,3,1,1,3,1,2,2,2,4,2,1
0.19643,0.13083,0.33333,1,0.14286,0,0,2,5,10,3,3,3,1,3,1,2,3,1,1
0.089286,0.074861,0.66667,0.33333,0.14286,0.33333,0,4,3,10,1,4,2,1,3,3,2,3,1,1
0.25,0.098539,0.33333,0.33333,0.19643,0,0,4,3,1,1,3,4,1,2,3,2,4,2,1
0.14286,0.045121,0,1,0,0,0,2,3,3,4,2,2,1,1,3,1,2,1,1
0.57143,0.18974,0.33333,1,0.35714,0,1,1,3,1,1,4,3,1,4,1,3,4,2,1
0.035714,0.10728,0,1,0.21429,0,0,1,5,4,1,4,2,1,3,3,2,3,1,1
0.089286,0.13594,0.33333,0.66667,0.21429,0,0,4,5,3,1,1,3,1,3,3,2,4,1,1
0.625,0.73291,0.33333,0.66667,0.23214,0,0,2,4,7,2,4,3,1,4,3,1,3,2,1
0.14286,0.14691,0.66667,1,0.64286,0,0,1,3,3,1,1,2,1,4,3,3,4,1,1
0.57143,0.13224,0.66667,0.33333,0.48214,0.33333,0,1,5,3,1,3,4,1,2,3,2,3,2,1
0.14286,0.060438,0,0,0.48214,0.33333,0,2,3,1,1,5,1,1,1,3,1,3,1,1
0.35714,0.079137,1,0,0.42857,0.33333,0,4,5,4,4,3,2,1,1,3,2,2,1,1
0.25,0.076393,0.66667,1,0.35714,0,0,4,3,4,1,2,4,1,1,3,2,3,2,1
0.25,0.10281,1,1,0.16071,0.33333,0,2,5,10,5,3,4,1,1,1,2,3,1,1
0.35714,0.5343,0.33333,0.33333,0.14286,0.33333,0,4,4,10,1,2,3,1,3,1,2,3,2,1
0.17857,0.033569,1,0.33333,0.14286,0.33333,0,4,4,1,1,3,3,1,3,3,2,2,1,1
0.25,0.1674,1,1,0.42857,0,1,2,4,1,5,5,3,1,3,3,2,3,1,1
0.35714,0.11252,0,0,0.053571,0,0,2,3,4,1,2,4,1,2,3,2,3,2,1
0.35714,0.1226,1,1,0.42857,0.33333,1,4,5,2,5,4,3,1,3,3,2,3,2,1
0.19643,0.049588,1,0.33333,0.14286,0,0,1,3,4,1,2,4,1,1,3,2,3,1,2
0.35714,0.18884,0.66667,0.33333,0.125,0,0,4,3,4,3,5,1,1,3,3,2,4,2,1
0.14286,0.042313,1,0.33333,0.16071,0.66667,0,3,5,1,3,4,4,1,1,3,2,3,2,1
0.35714,0.10792,1,1,0.017857,0,0,2,3,4,1,5,2,1,3,3,2,3,2,1
0.51786,0.44527,0.66667,0.33333,0.28571,0.33333,0,4,5,2,1,4,3,1,3,3,2,4,2,1
0.14286,0.12866,1,0.33333,0.41071,0.33333,0,4,5,10,1,1,3,1,3,2,2,4,2,1
0.10714,0.084307,0.66667,0.33333,0.375,0,1,4,3,1,3,3,3,1,4,3,1,2,1,2
0.35714,0.070521,1,0.33333,0.28571,0,0,1,3,1,5,3,2,1,2,3,2,3,1,1
0.57143,0.35522,0.33333,0.33333,0.28571,0.33333,1,4,5,2,1,5,3,1,2,3,2,3,2,1
0.14286,0.14698,1,0,0.25,0,1,1,3,1,1,2,3,1,1,3,2,2,1,1
0.25,0.52301,0,0.33333,0.071429,0.33333,0,1,4,7,5,3,2,1,3,3,1,3,2,1
0.30357,0.15993,0,0.33333,0.21429,0,0,4,3,1,3,4,2,1,3,1,2,4,1,1
0.25,0.048886,1,0.33333,0.25,0,0,2,3,1,5,3,2,1,2,3,2,3,1,1
0.19643,0.18572,0.33333,0.66667,0.017857,0,0,4,3,1,4,4,2,1,3,3,1,3,1,1
0.14286,0.11181,1,0.33333,0.19643,0,0,2,3,2,5,3,3,1,3,3,2,3,1,1
0.14286,0.043525,0.33333,0.66667,0.5,0.33333,1,2,5,1,1,4,3,1,1,3,2,2,1,1
0.30357,0.083924,1,0.66667,0.26786,0.33333,0,4,4,3,2,4,3,1,1,3,2,4,1,1
0.14286,0.15866,0,0.33333,0.10714,0,0,2,3,3,5,5,2,1,2,1,2,3,2,1
0.25,0.15974,0,0.66667,0.035714,0,0,2,3,2,1,3,4,1,3,3,1,3,2,1
0.42857,0.15744,1,0.33333,0.17857,0.33333,0,4,5,4,1,5,3,1,3,3,2,3,1,1
0.25,0.055715,1,0.66667,0.48214,0.33333,0,4,5,4,4,3,3,1,1,3,2,3,1,1
0.089286,0.066182,0,1,0.017857,0,0,4,3,3,1,5,3,1,3,3,2,3,1,1
0.25,0.058332,0.33333,1,0.64286,0.66667,1,1,5,6,1,1,2,1,4,3,3,1,1,1
0.017857,0.20244,0,1,0.98214,0,0,4,3,10,1,4,3,1,1,3,2,2,1,1
0.35714,0.70534,0.33333,0.66667,0.17857,0.33333,0,2,3,11,1,3,3,2,3,1,2,4,2,1
0.035714,0.10186,1,1,0.30357,0.66667,0,1,5,3,1,1,3,1,4,3,3,4,2,1
0.35714,0.11373,1,0.33333,0.25,0.33333,0,4,5,6,1,3,1,1,1,3,2,3,2,1
0.089286,0.11871,0.66667,0.33333,0.10714,0,0,1,3,3,1,3,3,1,1,3,2,3,1,1
0.14286,0.077095,0.33333,0,0.10714,0,0,2,3,4,5,3,4,1,1,3,2,3,2,1
0.035714,0.024507,0.33333,1,0.071429,0,0,4,3,6,3,4,4,1,1,3,1,2,1,1
0.35714,0.064522,1,1,0.32143,0.33333,0,4,5,1,4,5,2,1,1,3,2,3,2,1
0.67857,0.19899,1,1,0.82143,0.33333,0,1,5,6,1,1,3,2,3,3,2,1,1,1
0.14286,0.021252,1,0,0.125,0,0,3,2,10,1,2,2,1,1,3,2,1,1,1
0.14286,0.10262,1,1,0.35714,0,0,4,3,1,1,5,3,1,3,3,2,4,2,1
0.14286,0.085774,0.33333,0.66667,0.19643,0,0,1,3,3,1,3,2,2,2,3,2,3,1,1
0.28571,0.15017,0.33333,0.66667,0.17857,0.33333,0,2,4,11,1,3,3,1,3,1,2,3,2,1
0.14286,0.028272,1,1,0.39286,0,1,4,3,7,1,5,3,1,3,1,2,2,1,1
0.78571,0.30761,0.33333,0.66667,0.19643,0,0,2,5,3,1,3,2,1,3,3,2,4,2,1
0.089286,0.061778,1,1,0.39286,0.33333,0,4,5,7,5,5,2,1,2,3,1,2,1,1
0.57143,0.099943,1,1,0.26786,0,0,1,3,1,1,2,2,1,3,3,2,3,2,1
0.053571,0.14679,0.33333,0.33333,0.28571,0,0,2,3,4,1,3,3,3,1,3,2,3,1,1
0.14286,0.073266,0.66667,1,0.64286,0,0,3,3,3,5,5,2,1,1,3,2,4,2,1
0.19643,0.078882,0.66667,0.66667,0.75,0.33333,0,2,4,6,4,3,4,1,2,2,2,3,1,1
0.57143,0.68786,1,0.33333,0.19643,0,0,4,5,2,5,3,3,1,3,3,2,4,2,1
0.035714,0.015445,0.66667,0,0.17857,0,0,4,3,4,1,3,2,1,1,3,2,3,1,1
0.14286,0.15847,0.33333,1,0.26786,0.33333,0,4,1,3,1,5,3,1,2,3,2,3,1,1
0.35714,0.15279,1,1,0.28571,0,0,4,3,2,1,5,3,1,3,3,2,4,2,1
0.35714,0.28981,0.33333,0.66667,0.21429,0,0,1,3,1,1,4,3,2,2,3,2,3,2,1
0.35714,0.15336,1,0,0.17857,0,0,4,3,2,1,2,2,1,4,3,2,4,2,1
0.125,0.2316,0.33333,0.33333,0.30357,0.33333,1,1,5,1,1,3,3,1,1,3,1,3,1,1
0.14286,0.19848,0.66667,1,0.28571,0,0,1,3,2,1,5,3,1,4,3,3,3,2,1
0.035714,0.004276,1,0,0.14286,0,0,1,3,5,1,2,2,1,1,3,2,3,1,1
0.25,0.27558,0.66667,0.33333,0.23214,0,0,4,3,4,1,2,3,1,3,3,2,3,2,1
0.57143,0.21342,0,0.33333,0.32143,0,1,1,3,3,1,3,3,3,2,3,2,3,1,1
0.19643,0.09222,0.33333,0.66667,0.30357,0,0,1,3,1,1,2,3,1,1,3,2,3,1,1
0.14286,0.17493,0.66667,0,0.26786,0,0,2,3,3,1,2,2,1,1,3,1,4,1,1
0.14286,0.030506,1,1,0.33929,0.33333,0,2,3,9,5,5,3,1,2,3,2,3,1,1
0.25,0.10684,1,0,0.26786,0.33333,0,4,3,10,1,4,3,1,3,2,2,3,2,1
0.35714,0.169,0.66667,1,0.78571,0,1,1,3,2,1,3,3,3,4,1,2,3,2,1
0.35714,0.088263,1,0.33333,0.17857,0,0,1,4,4,1,2,2,1,3,3,1,2,2,1
0.78571,0.44432,0.66667,0.66667,0.23214,0.33333,1,4,4,4,5,5,3,1,3,1,2,3,1,1
0.51786,0.15878,0.33333,0.33333,0.125,0.33333,0,4,4,10,1,3,2,1,3,3,2,3,2,1
0.35714,0.281,0.66667,0.66667,0.28571,0.33333,0,4,4,2,1,4,3,1,3,3,2,2,2,1
0.35714,0.17972,0.66667,0.33333,0.053571,0,0,2,3,4,2,2,4,1,3,3,1,3,2,1
0.035714,0.010977,1,1,0.071429,0,0,1,3,7,1,2,2,1,2,3,2,3,1,1
0.089286,0.024124,1,0.66667,0.16071,0,0,1,3,1,1,3,3,1,3,3,2,2,1,1
0.035714,0.061395,1,1,0.30357,0,1,4,3,9,5,1,3,1,2,3,2,4,2,1
0.25,0.061842,1,0.33333,0.25,0,0,2,5,4,1,3,4,1,3,3,2,3,1,1
0.25,0.18112,0,1,0.125,0,0,1,1,3,1,2,2,1,2,3,1,3,1,1
0.625,0.14634,1,1,0.089286,0,0,4,3,2,3,3,3,1,3,3,2,3,1,1
0.35714,0.31119,1,0.33333,0.10714,0,0,3,3,4,1,4,3,1,3,1,2,3,1,1
0.14286,0.048567,0.66667,1,0.35714,0,0,2,3,10,2,4,3,1,1,3,2,2,1,1
0.19643,0.076712,1,1,0.44643,0.33333,1,1,5,3,1,5,3,1,3,3,2,3,2,1
0.14286,0.21042,0,0,0.071429,0,0,2,5,4,1,3,2,1,1,3,2,2,1,1
0.35714,0.059034,1,0,0.125,0,0,2,3,1,1,2,3,1,2,3,2,3,1,1
0.46429,0.21354,1,1,0.67857,0.33333,0,1,3,3,4,5,2,1,2,3,1,3,2,1
0.19643,0.043653,0.66667,0.33333,0.19643,0.33333,0,4,4,3,4,4,2,1,2,3,2,3,1,1
0.14286,0.056609,1,1,0.44643,0,0,4,5,1,3,3,3,1,1,3,2,3,2,1
0.035714,0.059544,1,1,0.5,0,0,2,4,1,1,1,3,1,2,3,2,4,2,1
0.14286,0.17876,0.33333,1,0.58929,0,0,4,3,4,1,3,3,1,3,3,2,3,2,1
0.35714,0.22216,1,1,0.76786,0,0,4,3,1,1,5,2,2,4,3,3,3,2,1
0.10714,0.072883,0.66667,0.33333,0.28571,0,0,4,3,1,2,3,3,1,1,3,1,2,1,2
0.035714,0.20691,0.33333,0.66667,0.125,0,0,4,3,1,1,3,3,3,2,3,1,3,1,1
0.14286,0.10581,0.33333,0.33333,0.125,0.33333,0,4,5,4,1,5,3,1,4,3,2,3,1,1
0.41071,0.51324,0.33333,1,0.41071,0.33333,0,2,1,10,1,5,2,1,4,3,3,4,2,1
0.035714,0.061331,0,0,0.14286,0.33333,0,4,5,4,2,3,2,1,2,3,2,3,1,1
0.035714,0.0058715,1,1,0.33929,0,0,2,3,4,5,5,3,1,2,3,2,3,1,1
0.14286,0.11781,0.66667,0.33333,0.35714,0.33333,1,1,5,1,1,3,3,1,1,3,1,2,1,2
0.35714,0.17359,0.33333,1,0.017857,0,0,1,3,3,5,3,4,1,3,3,2,3,1,1
0.57143,0.55894,1,0,0.17857,0,0,2,3,3,2,2,3,2,4,3,1,4,2,1
0.35714,0.083541,1,0.66667,0.375,0.33333,0,4,5,3,1,4,3,1,2,3,2,3,1,1
0.25,0.065416,1,0.33333,0.23214,0,0,2,3,4,1,5,4,3,1,3,2,2,1,1
0.035714,0.06682,0.33333,1,0.16071,0.33333,1,3,5,1,2,5,1,1,3,3,2,3,2,1
0.35714,0.1817,1,0,0.14286,0,0,1,3,1,1,2,2,1,2,3,2,3,1,1
0.57143,0.33295,0.33333,1,0.41071,0,1,1,3,2,1,5,3,1,4,3,3,3,1,1
0.089286,0.054247,0.33333,1,0.53571,0,0,3,3,4,2,5,1,1,1,3,2,3,1,1
0.35714,0.059991,1,1,0.33929,0.33333,1,2,5,4,2,2,3,1,4,1,2,3,1,1
0.35714,0.059417,1,1,0.089286,0,0,1,3,1,1,2,2,1,2,3,1,3,1,1
0.10714,0.065926,1,1,0.14286,0,0,4,3,1,5,3,3,3,2,3,2,2,1,1
0.19643,0.133,0.33333,0.33333,0.30357,0,0,3,5,2,3,3,3,1,3,3,2,3,2,1
0.19643,0.41955,0,0.33333,0.26786,0,1,2,2,1,2,1,3,1,2,3,2,4,2,1
0.35714,0.072564,1,0.33333,0.16071,0,0,4,3,4,1,3,4,1,2,3,2,3,1,1
0.625,0.53047,1,0.33333,0.46429,0,0,4,3,2,2,5,3,1,3,3,2,4,2,1
0.14286,0.030825,1,0.33333,0.125,0,0,1,3,1,1,4,3,1,1,3,2,3,1,1
0.57143,0.28145,0.33333,0.33333,0.23214,0,0,4,3,2,1,3,3,1,4,3,3,4,2,1
0.19643,0.15387,0.33333,1,0.125,0,0,3,3,10,1,4,3,1,2,3,1,3,2,1
0.14286,0.01972,1,1,0.017857,0.33333,0,2,4,4,1,3,4,2,1,3,1,3,1,1
0.35714,0.1263,1,0,0.625,0,0,4,3,1,5,2,3,1,2,3,2,3,1,1
0.035714,0.021252,1,0.66667,0.32143,0.33333,0,1,5,1,1,4,2,1,2,3,2,3,1,2
0.035714,0.069245,0.33333,1,0.375,0,1,1,5,1,1,2,3,1,1,3,2,2,1,2
0.57143,0.43723,0.33333,1,0.071429,0.33333,0,4,5,3,1,2,2,1,2,3,1,3,2,1
0.035714,0.059161,0.66667,0.33333,0.42857,0,0,1,3,1,2,5,3,1,2,3,2,3,2,1
0.035714,0.02706,1,1,0.30357,0.33333,0,4,5,4,5,5,3,1,4,3,3,3,1,1
0.35714,0.33384,0.66667,1,0.44643,0.33333,0,4,5,6,1,5,3,1,4,3,3,3,1,1
0.25,0.18597,0.33333,0.33333,0.089286,0,0,1,3,4,1,3,2,1,1,3,2,3,1,1
0.78571,0.43672,0.66667,1,0.60714,0.33333,1,1,1,3,1,3,3,1,4,3,3,3,1,1
0.35714,0.20499,0.66667,1,0.071429,0,0,4,3,2,2,4,2,1,3,3,2,3,1,1
0.25,0.053418,1,1,0.125,0,1,2,3,4,1,3,2,3,1,3,2,2,1,1
0.39286,0.49078,0.33333,0.66667,0.19643,0.33333,0,2,3,2,1,2,3,1,3,3,2,3,1,1
0.19643,0.080158,1,0.66667,0.21429,0,0,4,5,7,2,3,2,1,3,3,2,3,1,1
0,0.078307,0.33333,0,0.41071,0.33333,1,4,5,4,1,4,3,1,1,3,2,2,1,1
0.57143,0.1293,1,1,0.21429,0,0,1,3,4,1,3,1,1,3,3,1,3,1,1
0.035714,0.024635,0.66667,1,0.39286,0,1,1,3,1,1,2,3,1,1,3,2,2,2,1
0.57143,0.12745,0.66667,0,0.23214,0.33333,1,2,3,7,1,4,3,1,3,3,2,3,1,1
0.19643,0.1503,0.33333,1,0.16071,0.33333,0,2,3,1,2,3,2,1,3,3,1,3,2,1
0.14286,0.078307,1,1,0.39286,0,0,4,4,2,1,3,4,1,1,3,1,3,1,1
0.35714,0.066054,1,0.66667,0.125,0,0,4,3,4,2,4,4,1,2,3,2,3,2,1
0.35714,0.18055,1,0.33333,0.10714,0.33333,0,4,3,4,5,2,3,1,3,3,2,3,1,1
0.30357,0.13038,0.33333,0,0.25,0,0,3,5,7,1,2,1,1,3,3,1,3,1,1
0.035714,0.070075,1,0.66667,1,0,0,1,3,1,5,1,2,1,2,3,2,4,2,1
0.25,0.2129,0.66667,1,0.32143,0,0,2,5,3,1,5,2,1,2,3,2,3,2,1
0.78571,0.47782,1,1,0.41071,0,0,1,3,1,1,5,3,1,4,1,3,4,1,1
0.25,0.17697,0,0,0.46429,0,0,3,3,3,1,2,2,1,2,2,2,2,1,1
0.14286,0.080286,0,0,0.071429,0,0,2,3,4,1,2,4,1,1,3,1,3,1,1
0.35714,0.11207,1,1,0.73214,0.33333,0,4,4,1,1,5,3,1,4,3,3,3,2,1
0.46429,0.38764,1,1,0.21429,0,0,1,3,3,5,5,3,1,2,3,2,3,1,1
0.25,0.16517,0.33333,0,0.26786,0,1,3,3,3,1,3,3,1,1,3,2,2,1,1
0.14286,0.06248,1,1,0.75,0.33333,0,4,5,1,1,5,3,1,1,3,2,2,1,1
0.35714,0.067458,1,0.33333,0.42857,0.33333,1,1,4,1,1,1,3,1,1,3,3,3,1,1
0.35714,0.11143,1,1,0.32143,0,0,4,5,1,1,3,2,1,3,3,2,3,2,1
0.35714,0.081435,0.66667,0,0.23214,0,1,4,3,4,1,4,3,1,3,1,2,3,1,1
0.14286,0.022337,1,1,0.089286,0,0,1,2,4,1,3,2,1,1,1,2,2,1,1
0.78571,0.54771,0.33333,0,0.28571,0.33333,0,4,5,2,5,4,3,1,4,3,3,3,2,1
0.14286,0.045951,1,1,0.071429,0.33333,0,4,5,6,5,4,2,1,1,3,2,3,1,1
0.035714,0.094071,0.33333,1,0.46429,0,1,4,2,4,3,5,3,1,2,1,2,2,1,1
0.78571,0.42906,0,0,0.26786,0.33333,0,1,3,4,1,4,4,3,1,3,2,3,2,1
0.14286,0.10971,1,0,0.14286,0,0,2,5,1,2,2,3,1,3,3,2,3,1,1
0.089286,0.058906,1,1,0.85714,0.33333,0,2,3,7,1,4,2,1,2,3,2,4,2,1
0.14286,0.06733,0.33333,0,0.053571,0,0,2,3,4,1,2,3,1,3,2,2,3,1,1
0.25,0.12777,0.66667,0.66667,0.16071,0.33333,0,2,1,1,2,2,2,1,3,3,2,3,1,1
0.30357,0.30168,0,1,0.17857,0.33333,0,4,1,1,5,3,2,1,2,1,2,3,2,1
0.35714,0.20908,0.66667,1,0.14286,0,0,1,2,3,1,4,3,1,3,1,2,3,1,1
0.25,0.10543,0.33333,0.33333,0.21429,0.33333,0,2,5,3,1,2,3,1,1,3,2,2,1,1
0.35714,0.17155,1,1,0.53571,0,1,1,3,2,5,5,3,1,4,1,3,3,2,1
0.35714,0.081052,1,1,0.089286,0,0,1,2,4,1,4,3,3,3,1,1,2,1,1
0.035714,0.025975,0.33333,0,0.17857,0,0,3,4,4,1,2,2,1,2,1,2,3,1,1
0.57143,0.77306,0,1,0.32143,0,0,2,3,1,5,3,3,1,4,3,3,3,2,1
0.35714,0.28311,1,0.33333,0.32143,0.33333,0,2,4,10,5,3,3,1,2,1,2,4,2,1
0.35714,0.081499,0.66667,0.33333,0.071429,0.33333,0,2,4,4,2,4,2,1,2,3,1,3,2,1
0.14286,0.069947,0.33333,0.66667,0.30357,0,0,1,3,1,1,4,1,1,3,3,2,3,1,1
0.35714,0.14691,0.33333,0.33333,0.26786,0,0,4,5,4,4,5,3,1,3,3,2,3,1,1
0.78571,0.23633,1,0,0.39286,0.33333,1,2,3,4,5,4,3,1,3,3,2,3,2,1
0.78571,0.41368,0.66667,0.33333,0.21429,0,0,1,3,4,1,3,2,1,3,3,2,3,2,1
0.35714,0.18878,1,1,0.071429,0,0,1,3,3,1,2,2,1,1,3,1,2,2,1
0.46429,0.36237,0.66667,0.33333,0.33929,0,0,4,5,4,1,4,3,2,3,3,2,3,1,1
0.35714,0.32912,0.33333,1,0.125,0,0,4,3,2,5,1,2,1,2,3,1,4,2,1
0.19643,0.033825,1,1,0.053571,0,0,1,3,10,1,3,2,1,2,3,2,2,1,1
0.089286,0.051439,1,1,0.14286,0.33333,0,2,3,4,1,5,3,1,3,3,2,2,1,1
0.19643,0.16032,0.33333,0.66667,0.089286,0.33333,0,4,5,3,1,4,2,2,3,1,2,3,1,1
0.14286,0.16938,0.33333,0,0.14286,0,0,2,3,4,1,4,2,1,1,3,2,3,1,1
0.35714,0.10537,0.66667,0.33333,0.25,0.33333,0,4,5,7,5,3,2,1,3,3,2,3,2,1
0.57143,0.16236,1,1,0.14286,0.33333,0,2,5,1,1,2,1,1,3,3,2,3,1,1
0.35714,0.042185,1,0.66667,0.14286,0.33333,0,4,3,9,1,2,4,1,3,3,2,2,1,1
0.25,0.04978,0.66667,0.66667,0.19643,0.33333,0,2,5,1,1,5,3,3,1,1,2,3,1,1
0.14286,0.18176,0,0.66667,0.53571,0.33333,1,2,5,1,1,2,3,1,1,1,2,2,1,1
0.089286,0.070968,1,0.33333,0.125,0,0,4,3,3,1,3,2,1,1,3,1,3,1,1
0.57143,0.13453,1,0,0.25,0,0,2,3,6,1,2,3,1,4,3,1,2,1,1
0.14286,0.11851,1,1,0.58929,0,0,4,3,1,5,5,2,1,4,3,3,4,2,1
0.25,0.11252,0,1,0.017857,0,0,1,3,3,1,3,2,1,1,1,1,3,1,1
0.089286,0.16102,0.33333,0.33333,0.30357,0.33333,1,1,5,1,1,3,3,1,1,3,1,3,1,1
0.14286,0.06465,1,0,0.035714,0,0,1,3,3,1,3,3,3,2,3,2,2,1,1
0.25,0.060055,1,0.66667,0.5,0,0,1,3,5,1,3,4,1,1,3,2,2,2,1
0.14286,0.12573,0.66667,0.66667,0.73214,0.33333,0,1,5,3,1,5,3,1,2,3,2,3,1,1
0.14286,0.0069564,1,0.66667,0.69643,1,0,1,5,4,1,4,2,1,1,3,2,2,2,1
0.35714,0.10779,1,1,0.41071,0.33333,0,2,4,1,5,3,2,1,3,3,1,3,2,1
0.30357,0.082711,1,1,0.30357,0,0,4,3,10,4,5,2,1,1,1,2,2,1,1
0.35714,0.15585,0.66667,1,0.017857,0,0,2,3,1,1,3,2,1,2,3,1,2,2,1
0.35714,0.069054,1,0.66667,0.375,0,0,1,2,11,5,5,3,1,3,2,2,4,2,1
0.035714,0.041802,0,0,0.23214,0,0,2,2,1,2,2,2,1,2,2,2,2,1,1
0.35714,0.074414,1,1,0.071429,0.33333,0,1,3,1,1,4,2,1,3,3,1,3,1,1
0.35714,0.25305,0,1,0.30357,0.66667,0,2,1,10,1,3,3,1,1,3,2,2,2,1
0.25,0.15949,0.33333,0.33333,0.21429,0.33333,0,4,5,1,1,4,3,1,2,1,2,3,1,1
0.35714,0.22892,0,0.33333,0.23214,0,0,4,4,10,1,3,3,1,4,3,3,3,1,1
0.053571,0.13102,0,0,0.46429,0,0,2,3,4,1,2,2,3,1,3,2,3,1,1
0.089286,0.040973,1,0,0.19643,0,0,2,3,3,1,3,2,1,2,3,2,3,1,1
0.35714,0.099623,1,1,0.26786,0,0,2,2,7,1,4,2,1,4,1,3,2,1,1
0.57143,0.19612,1,0.33333,0.16071,0,0,4,3,3,1,3,2,1,3,3,2,4,2,1
0.10714,0.063756,1,0.33333,0.071429,0,0,3,3,3,1,2,2,1,2,3,2,3,1,1
0.35714,0.16287,1,1,0.053571,0,0,1,2,3,3,3,3,1,1,2,2,3,2,1
0.35714,0.27124,0.66667,0.33333,0.98214,0,0,4,5,10,1,3,3,1,1,3,2,4,2,1
0.57143,0.15285,1,1,0.55357,0,0,2,3,4,2,3,2,2,4,3,3,3,1,1
0.25,0.11328,1,0,0.25,0,0,4,3,4,1,2,3,1,1,3,2,3,1,1
0.19643,0.065352,1,1,0.46429,0,1,4,3,2,5,5,3,1,4,1,3,3,1,1
0.14286,0.029676,1,0.66667,0.053571,0,0,1,3,5,2,1,2,1,2,3,2,3,1,1
0.10714,0.061523,0,1,0.51786,0,1,3,3,1,2,5,2,1,4,3,3,2,1,1
0.30357,0.19663,1,0.33333,0.17857,0,0,1,3,4,4,2,2,1,3,1,2,3,1,1
0.35714,0.21418,0,1,0.053571,0,0,1,2,2,1,3,2,3,3,1,1,3,1,2
0.25,0.097773,1,0,0.053571,0,0,4,4,3,1,4,2,1,1,3,2,3,1,1
0.78571,0.76125,0.33333,0.33333,0.51786,0,0,2,1,10,5,3,3,1,3,1,2,4,2,1
1,0.56679,0.33333,0.33333,0.14286,0,0,2,4,4,5,3,3,1,4,3,3,4,1,1
0.035714,0.21699,0,0.66667,0.32143,0.66667,1,1,5,1,1,3,3,1,1,3,1,3,1,1
0.46429,0.20199,0.33333,1,0.035714,0,0,2,3,3,2,3,2,2,3,3,1,3,1,1
0.14286,0.023231,1,0.33333,0.53571,0,0,4,3,1,1,3,1,1,1,3,2,2,1,1
0.30357,0.21546,0.33333,0.66667,0.14286,0.33333,0,2,5,10,1,4,3,1,2,3,2,3,1,1
0.25,0.080031,0.66667,0.33333,0.23214,0.33333,0,4,5,1,1,3,3,1,2,1,2,3,1,1
0.78571,0.23218,1,0.33333,0.33929,0,0,4,3,10,5,3,1,1,1,1,2,3,1,1
0.14286,0.10096,1,0,0.053571,0,0,1,3,3,1,2,2,1,3,3,1,3,1,1
0.25,0.14832,1,1,0.82143,0.33333,0,1,3,4,1,3,3,1,4,3,3,3,1,1
0.19643,0.10869,1,0.33333,0.28571,0,0,4,3,4,5,5,3,1,3,3,2,3,1,1
0.035714,0.11743,0.33333,0.33333,0.39286,0,0,3,3,3,1,3,3,1,1,3,2,3,2,1
0.089286,0.074095,0.33333,0.66667,0.17857,0,0,2,2,1,2,4,3,1,4,3,2,3,1,1
0.67857,0.24035,1,1,0.30357,0.33333,0,4,5,3,3,3,3,1,1,3,2,3,2,1
0.089286,0.22694,0,1,0.80357,0,0,4,3,7,5,5,3,1,1,3,2,2,1,1
0.35714,0.21597,0.33333,1,0.16071,0,0,1,3,4,1,3,2,1,3,3,2,3,1,1
0.25,0.081499,1,0.66667,0.44643,0,0,1,2,3,1,3,3,1,3,1,2,3,1,1
0.19643,0.074542,1,0,0.071429,0,0,2,3,4,5,2,3,1,2,3,2,3,1,1
0.089286,0.10875,0.33333,0.33333,0,0.33333,0,4,3,3,1,2,2,2,3,3,1,3,1,1
0.35714,0.068862,0.66667,1,0.10714,0,0,2,3,1,1,2,2,1,3,3,2,2,2,1
0.14286,0.071287,1,1,0.5,0.66667,1,4,3,7,1,5,3,1,2,1,2,3,2,1
0.35714,0.070202,1,0,0.16071,0,0,4,3,4,3,4,2,1,3,3,2,3,1,1
1,0.98136,0.33333,1,0.035714,0.33333,0,4,4,4,1,4,3,1,3,3,2,3,2,1
0.14286,0.077669,1,0.66667,0.26786,0,1,4,3,4,1,2,2,1,3,3,2,3,1,1
0.67857,0.26128,0.66667,0.33333,0.125,0.33333,1,1,4,4,1,4,3,1,2,1,2,3,2,1
0.25,0.030251,1,0,0.14286,0,0,1,3,7,1,1,2,1,1,3,2,1,1,1
0.19643,0.065863,1,1,0.33929,0.33333,0,2,3,6,1,5,3,1,3,3,2,2,1,1
0.19643,0.27743,0.66667,0.33333,0.375,0,0,4,3,7,2,3,3,1,2,3,2,4,2,1
0.35714,0.10052,1,0.33333,0.25,0.33333,0,4,5,4,1,4,4,3,3,3,2,3,2,1
0.25,0.10237,1,0,0.23214,0.33333,0,1,5,4,1,4,4,1,2,3,2,4,2,1
0.57143,0.49167,1,1,0.14286,0.33333,0,4,4,10,5,2,3,1,3,3,1,3,2,1
0.46429,0.27487,0.33333,0.33333,0.23214,0.33333,0,1,1,3,1,3,1,3,1,3,2,3,1,1
0.14286,0.070841,0.33333,0.33333,0.125,0,0,4,3,1,3,3,2,1,2,3,2,3,1,1
0.35714,0.042823,1,0.66667,0.33929,0,1,3,3,1,1,4,3,1,4,1,3,3,1,1
0.14286,0.026039,1,1,0.375,0,1,1,3,7,1,3,3,1,3,3,1,2,1,1
0.78571,0.45951,1,0,0.55357,0,0,1,3,7,1,4,3,1,4,3,3,4,2,1
0.14286,0.10505,1,0.33333,0.32143,0,0,2,3,3,1,3,3,1,2,3,2,2,1,1
0.35714,0.12936,1,0,0.46429,0,0,1,3,1,1,5,3,2,1,3,2,3,1,1
0.57143,0.49844,0.33333,1,0.41071,1,0,2,4,1,2,5,3,1,3,3,2,4,2,1
0.35714,0.13211,1,0.66667,0.28571,0.33333,0,4,5,2,1,4,3,1,3,3,2,3,2,1
0.17857,0.23594,0,1,0.053571,0,0,1,3,1,1,1,3,1,4,3,3,3,1,1
0.14286,0.039058,1,1,0.39286,0,1,2,3,1,1,5,3,1,3,1,2,2,1,1
0.78571,0.63476,1,0.66667,0.32143,0,0,4,3,4,5,4,3,1,3,2,2,3,2,1
0.46429,0.25177,0.33333,0,0.16071,0.33333,0,2,1,10,1,3,2,1,3,3,2,3,1,1
0.25,0.38835,0.33333,0,0.39286,0,0,2,5,3,1,5,3,1,4,3,2,3,2,1
0.14286,0.065161,0.66667,1,0.071429,0,0,3,3,4,1,3,4,1,1,3,1,3,1,1
0.14286,0.039824,1,0.33333,0.071429,0,0,1,3,1,5,3,4,1,3,3,2,3,1,1
0.30357,0.12541,1,0.33333,0.55357,0.33333,0,4,3,3,1,5,3,1,1,3,2,3,1,1
0.035714,0.049397,1,0,0.28571,0.33333,0,2,4,3,1,1,3,1,2,2,2,4,2,1
0.035714,0.049205,0.33333,1,0.55357,0,0,3,5,7,1,3,2,1,2,3,2,2,1,1
0.35714,0.38535,1,0.33333,0.14286,0.33333,0,4,5,11,1,1,3,2,4,1,2,4,2,1
0.46429,0.2055,1,0.33333,0.26786,0,1,2,2,3,4,3,3,1,3,2,2,3,2,1
NaN,NaN,NaN,NaN,NaN,NaN,NaN,NaN,NaN,NaN,NaN,NaN,NaN,NaN,NaN,NaN,NaN,NaN,1,NaN
NaN,NaN,NaN,NaN,NaN,0.24515,NaN,NaN,NaN,NaN,NaN,NaN,NaN,NaN,NaN,NaN,NaN,NaN,NaN,NaN
NaN,NaN,NaN,NaN,NaN,NaN,NaN,NaN,NaN,NaN,NaN,NaN,3,NaN,NaN,NaN,NaN,NaN,NaN,NaN
NaN,NaN,NaN,0.45252,NaN,NaN,NaN,NaN,NaN,NaN,NaN,NaN,NaN,NaN,NaN,NaN,NaN,NaN,NaN,NaN
NaN,NaN,0.33531,NaN,NaN,NaN,NaN,NaN,NaN,NaN,NaN,NaN,NaN,NaN,NaN,NaN,NaN,NaN,NaN,NaN
NaN,NaN,NaN,NaN,NaN,NaN,NaN,NaN,NaN,NaN,NaN,NaN,NaN,NaN,NaN,NaN,NaN,3,NaN,NaN
NaN,NaN,NaN,NaN,NaN,NaN,NaN,NaN,NaN,NaN,NaN,NaN,NaN,NaN,NaN,NaN,NaN,NaN,1,NaN
0.21228,NaN,NaN,NaN,NaN,NaN,NaN,NaN,NaN,NaN,NaN,NaN,NaN,NaN,NaN,NaN,NaN,NaN,NaN,NaN
NaN,NaN,NaN,NaN,NaN,NaN,NaN,NaN,NaN,NaN,NaN,NaN,2,NaN,NaN,NaN,NaN,NaN,NaN,NaN
NaN,NaN,NaN,NaN,NaN,NaN,NaN,NaN,NaN,NaN,NaN,NaN,NaN,NaN,NaN,NaN,NaN,NaN,1,NaN
NaN,NaN,NaN,NaN,NaN,NaN,-0.08802,NaN,NaN,NaN,NaN,NaN,NaN,NaN,NaN,NaN,NaN,NaN,NaN,NaN
NaN,NaN,NaN,NaN,NaN,NaN,NaN,NaN,NaN,NaN,NaN,NaN,NaN,NaN,NaN,NaN,2,NaN,NaN,NaN
NaN,NaN,NaN,NaN,NaN,NaN,-0.081619,NaN,NaN,NaN,NaN,NaN,NaN,NaN,NaN,NaN,NaN,NaN,NaN,NaN
NaN,NaN,NaN,NaN,NaN,NaN,NaN,NaN,NaN,NaN,NaN,NaN,NaN,NaN,NaN,NaN,NaN,NaN,NaN,1
NaN,NaN,NaN,NaN,NaN,NaN,NaN,NaN,NaN,NaN,NaN,NaN,NaN,NaN,NaN,NaN,2,NaN,NaN,NaN
NaN,NaN,NaN,NaN,NaN,NaN,NaN,NaN,NaN,NaN,NaN,NaN,NaN,1,NaN,NaN,NaN,NaN,NaN,NaN
NaN,NaN,NaN,NaN,NaN,NaN,NaN,NaN,NaN,NaN,NaN,NaN,NaN,NaN,NaN,NaN,NaN,3,NaN,NaN
NaN,NaN,-0.0066948,NaN,NaN,NaN,NaN,NaN,NaN,NaN,NaN,NaN,NaN,NaN,NaN,NaN,NaN,NaN,NaN,NaN
NaN,NaN,NaN,NaN,NaN,NaN,NaN,NaN,NaN,3,NaN,NaN,NaN,NaN,NaN,NaN,NaN,NaN,NaN,NaN
NaN,NaN,NaN,NaN,NaN,NaN,NaN,3,NaN,NaN,NaN,NaN,NaN,NaN,NaN,NaN,NaN,NaN,NaN,NaN
NaN,NaN,NaN,NaN,NaN,NaN,NaN,NaN,NaN,NaN,NaN,NaN,NaN,NaN,NaN,NaN,2,NaN,NaN,NaN
NaN,NaN,NaN,NaN,NaN,NaN,NaN,NaN,NaN,NaN,NaN,NaN,NaN,NaN,1,NaN,NaN,NaN,NaN,NaN
NaN,NaN,NaN,NaN,NaN,NaN,NaN,NaN,NaN,3,NaN,NaN,NaN,NaN,NaN,NaN,NaN,NaN,NaN,NaN
NaN,NaN,NaN,NaN,NaN,NaN,NaN,NaN,3,NaN,NaN,NaN,NaN,NaN,NaN,NaN,NaN,NaN,NaN,NaN
NaN,NaN,NaN,NaN,NaN,NaN,NaN,NaN,NaN,NaN,NaN,NaN,NaN,NaN,NaN,NaN,NaN,3,NaN,NaN
NaN,NaN,NaN,NaN,NaN,NaN,NaN,NaN,NaN,4,NaN,NaN,NaN,NaN,NaN,NaN,NaN,NaN,NaN,NaN
NaN,NaN,-0.12638,NaN,NaN,NaN,NaN,NaN,NaN,NaN,NaN,NaN,NaN,NaN,NaN,NaN,NaN,NaN,NaN,NaN
NaN,NaN,0.79248,NaN,NaN,NaN,NaN,NaN,NaN,NaN,NaN,NaN,NaN,NaN,NaN,NaN,NaN,NaN,NaN,NaN
NaN,NaN,NaN,NaN,NaN,NaN,NaN,NaN,NaN,NaN,NaN,NaN,3,NaN,NaN,NaN,NaN,NaN,NaN,NaN
NaN,NaN,NaN,NaN,NaN,NaN,NaN,NaN,NaN,NaN,NaN,2,NaN,NaN,NaN,NaN,NaN,NaN,NaN,NaN
NaN,NaN,NaN,NaN,NaN,NaN,NaN,NaN,NaN,NaN,NaN,NaN,NaN,NaN,NaN,NaN,NaN,NaN,NaN,1
NaN,NaN,NaN,NaN,0.0093493,NaN,NaN,NaN,NaN,NaN,NaN,NaN,NaN,NaN,NaN,NaN,NaN,NaN,NaN,NaN
0.22135,NaN,NaN,NaN,NaN,NaN,NaN,NaN,NaN,NaN,NaN,NaN,NaN,NaN,NaN,NaN,NaN,NaN,NaN,NaN
NaN,NaN,NaN,NaN,NaN,NaN,NaN,NaN,NaN,NaN,NaN,NaN,2,NaN,NaN,NaN,NaN,NaN,NaN,NaN
NaN,NaN,NaN,NaN,NaN,NaN,NaN,NaN,NaN,NaN,NaN,NaN,NaN,1,NaN,NaN,NaN,NaN,NaN,NaN
NaN,NaN,NaN,NaN,NaN,NaN,0.075678,NaN,NaN,NaN,NaN,NaN,NaN,NaN,NaN,NaN,NaN,NaN,NaN,NaN
NaN,NaN,NaN,NaN,NaN,NaN,NaN,NaN,NaN,NaN,3,NaN,NaN,NaN,NaN,NaN,NaN,NaN,NaN,NaN
NaN,NaN,NaN,NaN,NaN,NaN,NaN,NaN,NaN,NaN,NaN,NaN,NaN,NaN,NaN,NaN,NaN,NaN,1,NaN
NaN,NaN,NaN,0.77757,NaN,NaN,NaN,NaN,NaN,NaN,NaN,NaN,NaN,NaN,NaN,NaN,NaN,NaN,NaN,NaN
NaN,NaN,NaN,NaN,NaN,NaN,NaN,NaN,NaN,NaN,NaN,NaN,NaN,NaN,NaN,NaN,NaN,NaN,NaN,1
NaN,NaN,0.75019,NaN,NaN,NaN,NaN,NaN,NaN,NaN,NaN,NaN,NaN,NaN,NaN,NaN,NaN,NaN,NaN,NaN
NaN,0.020652,NaN,NaN,NaN,NaN,NaN,NaN,NaN,NaN,NaN,NaN,NaN,NaN,NaN,NaN,NaN,NaN,NaN,NaN
NaN,NaN,NaN,NaN,NaN,NaN,NaN,4,NaN,NaN,NaN,NaN,NaN,NaN,NaN,NaN,NaN,NaN,NaN,NaN
NaN,NaN,NaN,NaN,0.21558,NaN,NaN,NaN,NaN,NaN,NaN,NaN,NaN,NaN,NaN,NaN,NaN,NaN,NaN,NaN
NaN,NaN,NaN,NaN,NaN,NaN,NaN,NaN,NaN,NaN,1,NaN,NaN,NaN,NaN,NaN,NaN,NaN,NaN,NaN
NaN,NaN,NaN,NaN,0.27312,NaN,NaN,NaN,NaN,NaN,NaN,NaN,NaN,NaN,NaN,NaN,NaN,NaN,NaN,NaN
NaN,NaN,NaN,NaN,NaN,NaN,NaN,NaN,NaN,NaN,NaN,NaN,NaN,NaN,NaN,3,NaN,NaN,NaN,NaN
NaN,NaN,NaN,NaN,NaN,NaN,NaN,NaN,NaN,NaN,NaN,NaN,NaN,NaN,NaN,NaN,2,NaN,NaN,NaN
NaN,NaN,NaN,NaN,NaN,NaN,NaN,NaN,3,NaN,NaN,NaN,NaN,NaN,NaN,NaN,NaN,NaN,NaN,NaN
NaN,NaN,NaN,NaN,NaN,NaN,NaN,NaN,NaN,NaN,NaN,NaN,NaN,NaN,NaN,NaN,2,NaN,NaN,NaN
NaN,NaN,NaN,NaN,-0.014765,NaN,NaN,NaN,NaN,NaN,NaN,NaN,NaN,NaN,NaN,NaN,NaN,NaN,NaN,NaN
NaN,NaN,NaN,NaN,NaN,NaN,NaN,NaN,NaN,NaN,NaN,3,NaN,NaN,NaN,NaN,NaN,NaN,NaN,NaN
NaN,0.33576,NaN,NaN,NaN,NaN,NaN,NaN,NaN,NaN,NaN,NaN,NaN,NaN,NaN,NaN,NaN,NaN,NaN,NaN
NaN,NaN,NaN,NaN,NaN,NaN,NaN,NaN,3,NaN,NaN,NaN,NaN,NaN,NaN,NaN,NaN,NaN,NaN,NaN
NaN,NaN,NaN,NaN,NaN,NaN,0.41954,NaN,NaN,NaN,NaN,NaN,NaN,NaN,NaN,NaN,NaN,NaN,NaN,NaN
NaN,NaN,NaN,NaN,NaN,NaN,NaN,NaN,NaN,NaN,NaN,2,NaN,NaN,NaN,NaN,NaN,NaN,NaN,NaN
NaN,NaN,NaN,NaN,NaN,-0.06119,NaN,NaN,NaN,NaN,NaN,NaN,NaN,NaN,NaN,NaN,NaN,NaN,NaN,NaN
NaN,0.07468,NaN,NaN,NaN,NaN,NaN,NaN,NaN,NaN,NaN,NaN,NaN,NaN,NaN,NaN,NaN,NaN,NaN,NaN
0.085117,NaN,NaN,NaN,NaN,NaN,NaN,NaN,NaN,NaN,NaN,NaN,NaN,NaN,NaN,NaN,NaN,NaN,NaN,NaN
NaN,NaN,NaN,NaN,NaN,NaN,NaN,NaN,NaN,NaN,NaN,NaN,NaN,NaN,NaN,NaN,NaN,3,NaN,NaN
NaN,NaN,NaN,NaN,NaN,NaN,0.42777,NaN,NaN,NaN,NaN,NaN,NaN,NaN,NaN,NaN,NaN,NaN,NaN,NaN
NaN,0.15961,NaN,NaN,NaN,NaN,NaN,NaN,NaN,NaN,NaN,NaN,NaN,NaN,NaN,NaN,NaN,NaN,NaN,NaN
NaN,NaN,NaN,NaN,0.24383,NaN,NaN,NaN,NaN,NaN,NaN,NaN,NaN,NaN,NaN,NaN,NaN,NaN,NaN,NaN
NaN,NaN,NaN,NaN,NaN,NaN,NaN,NaN,NaN,4,NaN,NaN,NaN,NaN,NaN,NaN,NaN,NaN,NaN,NaN
NaN,NaN,NaN,NaN,NaN,-0.058661,NaN,NaN,NaN,NaN,NaN,NaN,NaN,NaN,NaN,NaN,NaN,NaN,NaN,NaN
NaN,NaN,0.64285,NaN,NaN,NaN,NaN,NaN,NaN,NaN,NaN,NaN,NaN,NaN,NaN,NaN,NaN,NaN,NaN,NaN
NaN,NaN,NaN,NaN,NaN,NaN,NaN,NaN,NaN,NaN,NaN,NaN,NaN,NaN,NaN,NaN,NaN,3,NaN,NaN
NaN,NaN,NaN,NaN,NaN,NaN,NaN,NaN,NaN,NaN,1,NaN,NaN,NaN,NaN,NaN,NaN,NaN,NaN,NaN
NaN,NaN,NaN,NaN,NaN,-0.15171,NaN,NaN,NaN,NaN,NaN,NaN,NaN,NaN,NaN,NaN,NaN,NaN,NaN,NaN
NaN,0.49429,NaN,NaN,NaN,NaN,NaN,NaN,NaN,NaN,NaN,NaN,NaN,NaN,NaN,NaN,NaN,NaN,NaN,NaN
NaN,NaN,NaN,NaN,NaN,NaN,NaN,NaN,NaN,NaN,NaN,NaN,NaN,NaN,NaN,NaN,NaN,NaN,1,NaN
NaN,NaN,NaN,NaN,NaN,NaN,NaN,NaN,3,NaN,NaN,NaN,NaN,NaN,NaN,NaN,NaN,NaN,NaN,NaN
NaN,NaN,NaN,NaN,NaN,NaN,NaN,NaN,NaN,NaN,NaN,NaN,NaN,NaN,3,NaN,NaN,NaN,NaN,NaN
NaN,NaN,NaN,NaN,NaN,NaN,NaN,NaN,3,NaN,NaN,NaN,NaN,NaN,NaN,NaN,NaN,NaN,NaN,NaN
NaN,NaN,NaN,NaN,NaN,NaN,NaN,NaN,NaN,NaN,1,NaN,NaN,NaN,NaN,NaN,NaN,NaN,NaN,NaN
NaN,NaN,NaN,NaN,NaN,NaN,NaN,NaN,NaN,NaN,NaN,2,NaN,NaN,NaN,NaN,NaN,NaN,NaN,NaN
NaN,NaN,NaN,NaN,NaN,NaN,NaN,NaN,NaN,NaN,NaN,NaN,NaN,NaN,NaN,NaN,NaN,NaN,NaN,1
NaN,NaN,NaN,NaN,NaN,NaN,NaN,NaN,NaN,NaN,1,NaN,NaN,NaN,NaN,NaN,NaN,NaN,NaN,NaN
NaN,NaN,NaN,NaN,NaN,NaN,NaN,NaN,NaN,NaN,NaN,NaN,NaN,NaN,NaN,NaN,2,NaN,NaN,NaN
NaN,NaN,NaN,NaN,-0.011441,NaN,NaN,NaN,NaN,NaN,NaN,NaN,NaN,NaN,NaN,NaN,NaN,NaN,NaN,NaN
NaN,NaN,NaN,NaN,NaN,NaN,NaN,NaN,NaN,NaN,NaN,NaN,2,NaN,NaN,NaN,NaN,NaN,NaN,NaN
NaN,NaN,NaN,NaN,NaN,NaN,NaN,NaN,NaN,NaN,1,NaN,NaN,NaN,NaN,NaN,NaN,NaN,NaN,NaN
0.24413,NaN,NaN,NaN,NaN,NaN,NaN,NaN,NaN,NaN,NaN,NaN,NaN,NaN,NaN,NaN,NaN,NaN,NaN,NaN
NaN,NaN,NaN,NaN,NaN,NaN,NaN,NaN,NaN,NaN,NaN,NaN,NaN,NaN,NaN,NaN,2,NaN,NaN,NaN
NaN,NaN,NaN,NaN,NaN,NaN,NaN,NaN,NaN,NaN,NaN,2,NaN,NaN,NaN,NaN,NaN,NaN,NaN,NaN
0.19432,NaN,NaN,NaN,NaN,NaN,NaN,NaN,NaN,NaN,NaN,NaN,NaN,NaN,NaN,NaN,NaN,NaN,NaN,NaN
NaN,NaN,NaN,NaN,NaN,NaN,NaN,NaN,3,NaN,NaN,NaN,NaN,NaN,NaN,NaN,NaN,NaN,NaN,NaN
NaN,NaN,NaN,NaN,NaN,NaN,NaN,4,NaN,NaN,NaN,NaN,NaN,NaN,NaN,NaN,NaN,NaN,NaN,NaN
NaN,-0.059068,NaN,NaN,NaN,NaN,NaN,NaN,NaN,NaN,NaN,NaN,NaN,NaN,NaN,NaN,NaN,NaN,NaN,NaN
NaN,NaN,NaN,NaN,NaN,NaN,NaN,NaN,NaN,NaN,NaN,NaN,NaN,NaN,NaN,NaN,NaN,NaN,NaN,1
NaN,-0.056581,NaN,NaN,NaN,NaN,NaN,NaN,NaN,NaN,NaN,NaN,NaN,NaN,NaN,NaN,NaN,NaN,NaN,NaN
NaN,NaN,NaN,NaN,NaN,NaN,NaN,NaN,NaN,NaN,NaN,2,NaN,NaN,NaN,NaN,NaN,NaN,NaN,NaN
NaN,NaN,NaN,NaN,NaN,NaN,NaN,NaN,NaN,NaN,NaN,NaN,NaN,NaN,NaN,NaN,NaN,NaN,1,NaN
NaN,NaN,NaN,NaN,NaN,NaN,NaN,NaN,NaN,NaN,NaN,NaN,NaN,1,NaN,NaN,NaN,NaN,NaN,NaN
NaN,NaN,NaN,NaN,NaN,NaN,NaN,3,NaN,NaN,NaN,NaN,NaN,NaN,NaN,NaN,NaN,NaN,NaN,NaN
NaN,NaN,NaN,NaN,NaN,NaN,NaN,NaN,3,NaN,NaN,NaN,NaN,NaN,NaN,NaN,NaN,NaN,NaN,NaN
NaN,NaN,NaN,NaN,NaN,NaN,NaN,NaN,NaN,1,NaN,NaN,NaN,NaN,NaN,NaN,NaN,NaN,NaN,NaN
NaN,NaN,NaN,NaN,NaN,NaN,NaN,NaN,NaN,NaN,NaN,NaN,NaN,1,NaN,NaN,NaN,NaN,NaN,NaN
0.16287,NaN,NaN,NaN,NaN,NaN,NaN,NaN,NaN,NaN,NaN,NaN,NaN,NaN,NaN,NaN,NaN,NaN,NaN,NaN
NaN,NaN,NaN,0.71224,NaN,NaN,NaN,NaN,NaN,NaN,NaN,NaN,NaN,NaN,NaN,NaN,NaN,NaN,NaN,NaN
NaN,NaN,-0.10283,NaN,NaN,NaN,NaN,NaN,NaN,NaN,NaN,NaN,NaN,NaN,NaN,NaN,NaN,NaN,NaN,NaN
NaN,NaN,NaN,NaN,0.079649,NaN,NaN,NaN,NaN,NaN,NaN,NaN,NaN,NaN,NaN,NaN,NaN,NaN,NaN,NaN
NaN,NaN,NaN,NaN,NaN,NaN,NaN,NaN,NaN,3,NaN,NaN,NaN,NaN,NaN,NaN,NaN,NaN,NaN,NaN
NaN,NaN,NaN,NaN,NaN,NaN,NaN,NaN,NaN,NaN,NaN,NaN,2,NaN,NaN,NaN,NaN,NaN,NaN,NaN
NaN,NaN,NaN,NaN,NaN,NaN,NaN,NaN,NaN,NaN,NaN,NaN,NaN,NaN,NaN,NaN,2,NaN,NaN,NaN
NaN,0.047197,NaN,NaN,NaN,NaN,NaN,NaN,NaN,NaN,NaN,NaN,NaN,NaN,NaN,NaN,NaN,NaN,NaN,NaN
NaN,NaN,NaN,NaN,NaN,NaN,NaN,NaN,NaN,NaN,NaN,NaN,NaN,NaN,NaN,NaN,NaN,NaN,1,NaN
NaN,NaN,NaN,NaN,NaN,0.39693,NaN,NaN,NaN,NaN,NaN,NaN,NaN,NaN,NaN,NaN,NaN,NaN,NaN,NaN
NaN,NaN,NaN,NaN,NaN,NaN,NaN,NaN,NaN,NaN,NaN,3,NaN,NaN,NaN,NaN,NaN,NaN,NaN,NaN
NaN,NaN,NaN,NaN,NaN,NaN,-0.14132,NaN,NaN,NaN,NaN,NaN,NaN,NaN,NaN,NaN,NaN,NaN,NaN,NaN
NaN,NaN,NaN,NaN,NaN,-0.079726,NaN,NaN,NaN,NaN,NaN,NaN,NaN,NaN,NaN,NaN,NaN,NaN,NaN,NaN
NaN,0.3261,NaN,NaN,NaN,NaN,NaN,NaN,NaN,NaN,NaN,NaN,NaN,NaN,NaN,NaN,NaN,NaN,NaN,NaN
NaN,NaN,NaN,NaN,0.53187,NaN,NaN,NaN,NaN,NaN,NaN,NaN,NaN,NaN,NaN,NaN,NaN,NaN,NaN,NaN
NaN,NaN,NaN,NaN,NaN,NaN,NaN,NaN,NaN,NaN,NaN,2,NaN,NaN,NaN,NaN,NaN,NaN,NaN,NaN
NaN,NaN,0.72704,NaN,NaN,NaN,NaN,NaN,NaN,NaN,NaN,NaN,NaN,NaN,NaN,NaN,NaN,NaN,NaN,NaN
NaN,NaN,NaN,NaN,NaN,NaN,0.13515,NaN,NaN,NaN,NaN,NaN,NaN,NaN,NaN,NaN,NaN,NaN,NaN,NaN
NaN,NaN,NaN,NaN,0.0094911,NaN,NaN,NaN,NaN,NaN,NaN,NaN,NaN,NaN,NaN,NaN,NaN,NaN,NaN,NaN
NaN,NaN,NaN,NaN,NaN,NaN,NaN,NaN,NaN,NaN,NaN,NaN,NaN,NaN,1,NaN,NaN,NaN,NaN,NaN
NaN,NaN,NaN,NaN,NaN,NaN,NaN,NaN,NaN,NaN,NaN,NaN,NaN,NaN,2,NaN,NaN,NaN,NaN,NaN
NaN,NaN,NaN,NaN,NaN,NaN,NaN,NaN,NaN,NaN,NaN,NaN,NaN,NaN,NaN,NaN,NaN,NaN,NaN,1
NaN,NaN,0.95174,NaN,NaN,NaN,NaN,NaN,NaN,NaN,NaN,NaN,NaN,NaN,NaN,NaN,NaN,NaN,NaN,NaN
NaN,NaN,NaN,NaN,NaN,NaN,NaN,NaN,NaN,NaN,NaN,NaN,4,NaN,NaN,NaN,NaN,NaN,NaN,NaN
NaN,NaN,NaN,NaN,0.045116,NaN,NaN,NaN,NaN,NaN,NaN,NaN,NaN,NaN,NaN,NaN,NaN,NaN,NaN,NaN
NaN,NaN,NaN,NaN,NaN,NaN,0.80032,NaN,NaN,NaN,NaN,NaN,NaN,NaN,NaN,NaN,NaN,NaN,NaN,NaN
NaN,NaN,NaN,NaN,NaN,NaN,0.76979,NaN,NaN,NaN,NaN,NaN,NaN,NaN,NaN,NaN,NaN,NaN,NaN,NaN
NaN,NaN,NaN,NaN,NaN,NaN,NaN,NaN,NaN,NaN,NaN,NaN,NaN,NaN,NaN,3,NaN,NaN,NaN,NaN
NaN,NaN,NaN,NaN,NaN,-0.063934,NaN,NaN,NaN,NaN,NaN,NaN,NaN,NaN,NaN,NaN,NaN,NaN,NaN,NaN
NaN,NaN,NaN,NaN,NaN,NaN,NaN,3,NaN,NaN,NaN,NaN,NaN,NaN,NaN,NaN,NaN,NaN,NaN,NaN
NaN,NaN,NaN,NaN,NaN,NaN,NaN,NaN,NaN,NaN,NaN,NaN,NaN,NaN,NaN,NaN,2,NaN,NaN,NaN
0.038232,NaN,NaN,NaN,NaN,NaN,NaN,NaN,NaN,NaN,NaN,NaN,NaN,NaN,NaN,NaN,NaN,NaN,NaN,NaN
NaN,NaN,NaN,NaN,NaN,NaN,NaN,NaN,NaN,NaN,NaN,NaN,NaN,NaN,NaN,NaN,NaN,NaN,NaN,1
NaN,0.090897,NaN,NaN,NaN,NaN,NaN,NaN,NaN,NaN,NaN,NaN,NaN,NaN,NaN,NaN,NaN,NaN,NaN,NaN
NaN,NaN,NaN,NaN,NaN,NaN,NaN,NaN,NaN,1,NaN,NaN,NaN,NaN,NaN,NaN,NaN,NaN,NaN,NaN
NaN,NaN,NaN,NaN,NaN,NaN,NaN,NaN,NaN,NaN,NaN,NaN,NaN,NaN,NaN,NaN,NaN,3,NaN,NaN
NaN,NaN,NaN,NaN,0.27487,NaN,NaN,NaN,NaN,NaN,NaN,NaN,NaN,NaN,NaN,NaN,NaN,NaN,NaN,NaN
NaN,0.16394,NaN,NaN,NaN,NaN,NaN,NaN,NaN,NaN,NaN,NaN,NaN,NaN,NaN,NaN,NaN,NaN,NaN,NaN
NaN,NaN,NaN,0.82488,NaN,NaN,NaN,NaN,NaN,NaN,NaN,NaN,NaN,NaN,NaN,NaN,NaN,NaN,NaN,NaN
NaN,0.36537,NaN,NaN,NaN,NaN,NaN,NaN,NaN,NaN,NaN,NaN,NaN,NaN,NaN,NaN,NaN,NaN,NaN,NaN
NaN,NaN,NaN,NaN,NaN,NaN,NaN,NaN,NaN,NaN,NaN,NaN,NaN,NaN,NaN,NaN,NaN,3,NaN,NaN
NaN,NaN,NaN,NaN,NaN,NaN,NaN,NaN,NaN,NaN,NaN,NaN,NaN,NaN,NaN,NaN,NaN,NaN,NaN,1
NaN,NaN,NaN,NaN,0.7367,NaN,NaN,NaN,NaN,NaN,NaN,NaN,NaN,NaN,NaN,NaN,NaN,NaN,NaN,NaN
NaN,NaN,NaN,NaN,NaN,NaN,NaN,NaN,NaN,NaN,1,NaN,NaN,NaN,NaN,NaN,NaN,NaN,NaN,NaN
NaN,NaN,NaN,NaN,0.2228,NaN,NaN,NaN,NaN,NaN,NaN,NaN,NaN,NaN,NaN,NaN,NaN,NaN,NaN,NaN
NaN,NaN,NaN,NaN,NaN,NaN,NaN,NaN,NaN,NaN,NaN,NaN,NaN,NaN,NaN,NaN,NaN,NaN,NaN,1
NaN,NaN,NaN,NaN,NaN,NaN,NaN,NaN,NaN,1,NaN,NaN,NaN,NaN,NaN,NaN,NaN,NaN,NaN,NaN
NaN,NaN,NaN,NaN,NaN,NaN,NaN,NaN,NaN,NaN,NaN,NaN,NaN,NaN,NaN,3,NaN,NaN,NaN,NaN
NaN,NaN,NaN,NaN,NaN,-0.08475,NaN,NaN,NaN,NaN,NaN,NaN,NaN,NaN,NaN,NaN,NaN,NaN,NaN,NaN
NaN,NaN,NaN,NaN,NaN,NaN,NaN,1,NaN,NaN,NaN,NaN,NaN,NaN,NaN,NaN,NaN,NaN,NaN,NaN
NaN,NaN,NaN,NaN,NaN,NaN,NaN,NaN,NaN,NaN,NaN,NaN,NaN,NaN,NaN,3,NaN,NaN,NaN,NaN
NaN,NaN,NaN,NaN,NaN,NaN,NaN,NaN,3,NaN,NaN,NaN,NaN,NaN,NaN,NaN,NaN,NaN,NaN,NaN
NaN,NaN,NaN,NaN,0.10521,NaN,NaN,NaN,NaN,NaN,NaN,NaN,NaN,NaN,NaN,NaN,NaN,NaN,NaN,NaN
NaN,NaN,NaN,NaN,NaN,NaN,NaN,NaN,NaN,NaN,NaN,NaN,NaN,NaN,NaN,NaN,NaN,NaN,NaN,1
NaN,-0.030507,NaN,NaN,NaN,NaN,NaN,NaN,NaN,NaN,NaN,NaN,NaN,NaN,NaN,NaN,NaN,NaN,NaN,NaN
NaN,NaN,NaN,NaN,NaN,NaN,NaN,NaN,3,NaN,NaN,NaN,NaN,NaN,NaN,NaN,NaN,NaN,NaN,NaN
NaN,NaN,NaN,NaN,NaN,NaN,NaN,NaN,NaN,NaN,NaN,NaN,NaN,NaN,NaN,NaN,2,NaN,NaN,NaN
NaN,NaN,NaN,NaN,NaN,NaN,NaN,NaN,NaN,NaN,NaN,NaN,NaN,NaN,NaN,NaN,NaN,3,NaN,NaN
NaN,NaN,NaN,NaN,NaN,NaN,NaN,NaN,NaN,NaN,NaN,NaN,NaN,NaN,NaN,NaN,NaN,3,NaN,NaN
NaN,NaN,NaN,NaN,NaN,NaN,0.15157,NaN,NaN,NaN,NaN,NaN,NaN,NaN,NaN,NaN,NaN,NaN,NaN,NaN
NaN,NaN,NaN,NaN,NaN,NaN,-0.08795,NaN,NaN,NaN,NaN,NaN,NaN,NaN,NaN,NaN,NaN,NaN,NaN,NaN
NaN,NaN,NaN,NaN,NaN,NaN,NaN,NaN,NaN,NaN,NaN,NaN,NaN,1,NaN,NaN,NaN,NaN,NaN,NaN
NaN,NaN,NaN,NaN,NaN,NaN,NaN,NaN,3,NaN,NaN,NaN,NaN,NaN,NaN,NaN,NaN,NaN,NaN,NaN
NaN,NaN,NaN,NaN,NaN,NaN,NaN,NaN,NaN,NaN,NaN,NaN,NaN,NaN,NaN,NaN,NaN,NaN,1,NaN
NaN,NaN,NaN,NaN,NaN,NaN,NaN,1,NaN,NaN,NaN,NaN,NaN,NaN,NaN,NaN,NaN,NaN,NaN,NaN
NaN,NaN,NaN,NaN,NaN,0.16157,NaN,NaN,NaN,NaN,NaN,NaN,NaN,NaN,NaN,NaN,NaN,NaN,NaN,NaN
NaN,NaN,NaN,NaN,NaN,-0.037494,NaN,NaN,NaN,NaN,NaN,NaN,NaN,NaN,NaN,NaN,NaN,NaN,NaN,NaN
NaN,NaN,NaN,NaN,NaN,NaN,NaN,NaN,NaN,NaN,NaN,NaN,NaN,NaN,NaN,3,NaN,NaN,NaN,NaN
NaN,NaN,NaN,NaN,NaN,NaN,-0.017067,NaN,NaN,NaN,NaN,NaN,NaN,NaN,NaN,NaN,NaN,NaN,NaN,NaN
NaN,NaN,NaN,NaN,NaN,NaN,NaN,NaN,NaN,NaN,NaN,NaN,NaN,NaN,NaN,NaN,NaN,3,NaN,NaN
NaN,NaN,NaN,NaN,NaN,NaN,NaN,NaN,NaN,1,NaN,NaN,NaN,NaN,NaN,NaN,NaN,NaN,NaN,NaN
NaN,NaN,NaN,NaN,NaN,-0.078632,NaN,NaN,NaN,NaN,NaN,NaN,NaN,NaN,NaN,NaN,NaN,NaN,NaN,NaN
NaN,NaN,NaN,0.54755,NaN,NaN,NaN,NaN,NaN,NaN,NaN,NaN,NaN,NaN,NaN,NaN,NaN,NaN,NaN,NaN
NaN,NaN,NaN,NaN,NaN,NaN,NaN,NaN,NaN,NaN,NaN,NaN,NaN,NaN,NaN,NaN,2,NaN,NaN,NaN
NaN,NaN,NaN,NaN,NaN,NaN,NaN,2,NaN,NaN,NaN,NaN,NaN,NaN,NaN,NaN,NaN,NaN,NaN,NaN
NaN,NaN,NaN,NaN,NaN,NaN,NaN,NaN,NaN,NaN,NaN,NaN,NaN,NaN,NaN,NaN,NaN,3,NaN,NaN
NaN,NaN,NaN,NaN,NaN,NaN,NaN,NaN,NaN,NaN,NaN,3,NaN,NaN,NaN,NaN,NaN,NaN,NaN,NaN
NaN,NaN,NaN,0.54271,NaN,NaN,NaN,NaN,NaN,NaN,NaN,NaN,NaN,NaN,NaN,NaN,NaN,NaN,NaN,NaN
NaN,NaN,NaN,NaN,NaN,-0.0023188,NaN,NaN,NaN,NaN,NaN,NaN,NaN,NaN,NaN,NaN,NaN,NaN,NaN,NaN
NaN,NaN,NaN,NaN,NaN,NaN,NaN,NaN,NaN,NaN,NaN,2,NaN,NaN,NaN,NaN,NaN,NaN,NaN,NaN
NaN,0.22595,NaN,NaN,NaN,NaN,NaN,NaN,NaN,NaN,NaN,NaN,NaN,NaN,NaN,NaN,NaN,NaN,NaN,NaN
NaN,NaN,NaN,NaN,NaN,NaN,NaN,NaN,NaN,NaN,NaN,NaN,NaN,NaN,NaN,NaN,NaN,NaN,NaN,1
NaN,NaN,NaN,NaN,NaN,NaN,NaN,NaN,NaN,NaN,NaN,NaN,NaN,NaN,NaN,NaN,NaN,NaN,1,NaN
NaN,NaN,NaN,NaN,NaN,NaN,NaN,NaN,NaN,NaN,NaN,NaN,NaN,NaN,NaN,NaN,NaN,3,NaN,NaN
NaN,NaN,NaN,NaN,NaN,NaN,NaN,NaN,NaN,4,NaN,NaN,NaN,NaN,NaN,NaN,NaN,NaN,NaN,NaN
NaN,NaN,NaN,NaN,NaN,NaN,NaN,NaN,NaN,NaN,NaN,NaN,NaN,NaN,NaN,3,NaN,NaN,NaN,NaN
0.39256,NaN,NaN,NaN,NaN,NaN,NaN,NaN,NaN,NaN,NaN,NaN,NaN,NaN,NaN,NaN,NaN,NaN,NaN,NaN
NaN,NaN,NaN,NaN,NaN,NaN,NaN,NaN,NaN,NaN,NaN,NaN,NaN,1,NaN,NaN,NaN,NaN,NaN,NaN
NaN,NaN,NaN,NaN,NaN,NaN,NaN,1,NaN,NaN,NaN,NaN,NaN,NaN,NaN,NaN,NaN,NaN,NaN,NaN
NaN,NaN,NaN,NaN,NaN,NaN,NaN,NaN,NaN,NaN,NaN,NaN,NaN,NaN,NaN,NaN,NaN,NaN,NaN,1
NaN,NaN,NaN,NaN,NaN,-0.05526,NaN,NaN,NaN,NaN,NaN,NaN,NaN,NaN,NaN,NaN,NaN,NaN,NaN,NaN
NaN,NaN,NaN,NaN,NaN,NaN,NaN,NaN,NaN,NaN,NaN,NaN,NaN,NaN,NaN,NaN,NaN,3,NaN,NaN
NaN,NaN,NaN,0.096729,NaN,NaN,NaN,NaN,NaN,NaN,NaN,NaN,NaN,NaN,NaN,NaN,NaN,NaN,NaN,NaN
NaN,NaN,NaN,NaN,NaN,NaN,NaN,NaN,NaN,1,NaN,NaN,NaN,NaN,NaN,NaN,NaN,NaN,NaN,NaN
NaN,NaN,NaN,NaN,NaN,NaN,NaN,NaN,NaN,NaN,NaN,NaN,NaN,NaN,NaN,NaN,NaN,NaN,NaN,1
NaN,NaN,NaN,NaN,NaN,NaN,NaN,NaN,NaN,NaN,NaN,NaN,NaN,NaN,NaN,3,NaN,NaN,NaN,NaN
NaN,NaN,NaN,NaN,NaN,NaN,0.00040232,NaN,NaN,NaN,NaN,NaN,NaN,NaN,NaN,NaN,NaN,NaN,NaN,NaN
NaN,NaN,NaN,NaN,NaN,NaN,NaN,NaN,NaN,NaN,NaN,NaN,NaN,NaN,1,NaN,NaN,NaN,NaN,NaN
NaN,NaN,NaN,NaN,NaN,NaN,NaN,NaN,NaN,NaN,NaN,NaN,NaN,NaN,NaN,3,NaN,NaN,NaN,NaN
NaN,NaN,NaN,0.17714,NaN,NaN,NaN,NaN,NaN,NaN,NaN,NaN,NaN,NaN,NaN,NaN,NaN,NaN,NaN,NaN
NaN,NaN,NaN,NaN,NaN,NaN,NaN,NaN,NaN,NaN,NaN,NaN,2,NaN,NaN,NaN,NaN,NaN,NaN,NaN
NaN,NaN,NaN,NaN,0.17405,NaN,NaN,NaN,NaN,NaN,NaN,NaN,NaN,NaN,NaN,NaN,NaN,NaN,NaN,NaN
NaN,NaN,NaN,0.73924,NaN,NaN,NaN,NaN,NaN,NaN,NaN,NaN,NaN,NaN,NaN,NaN,NaN,NaN,NaN,NaN
0.51267,NaN,NaN,NaN,NaN,NaN,NaN,NaN,NaN,NaN,NaN,NaN,NaN,NaN,NaN,NaN,NaN,NaN,NaN,NaN
NaN,NaN,NaN,NaN,NaN,0.020159,NaN,NaN,NaN,NaN,NaN,NaN,NaN,NaN,NaN,NaN,NaN,NaN,NaN,NaN
0.2819,NaN,NaN,NaN,NaN,NaN,NaN,NaN,NaN,NaN,NaN,NaN,NaN,NaN,NaN,NaN,NaN,NaN,NaN,NaN
0.00031964,NaN,NaN,NaN,NaN,NaN,NaN,NaN,NaN,NaN,NaN,NaN,NaN,NaN,NaN,NaN,NaN,NaN,NaN,NaN
NaN,NaN,NaN,NaN,NaN,NaN,NaN,NaN,NaN,NaN,NaN,NaN,NaN,NaN,NaN,NaN,NaN,NaN,1,NaN
NaN,NaN,0.97242,NaN,NaN,NaN,NaN,NaN,NaN,NaN,NaN,NaN,NaN,NaN,NaN,NaN,NaN,NaN,NaN,NaN
NaN,NaN,NaN,NaN,NaN,NaN,NaN,NaN,NaN,NaN,NaN,NaN,NaN,NaN,NaN,NaN,NaN,3,NaN,NaN
NaN,NaN,NaN,NaN,NaN,0.2309,NaN,NaN,NaN,NaN,NaN,NaN,NaN,NaN,NaN,NaN,NaN,NaN,NaN,NaN
NaN,NaN,NaN,NaN,NaN,NaN,NaN,NaN,NaN,NaN,NaN,NaN,NaN,NaN,2,NaN,NaN,NaN,NaN,NaN
NaN,NaN,NaN,NaN,NaN,NaN,NaN,NaN,NaN,NaN,NaN,2,NaN,NaN,NaN,NaN,NaN,NaN,NaN,NaN
NaN,NaN,NaN,NaN,NaN,NaN,NaN,NaN,NaN,NaN,NaN,3,NaN,NaN,NaN,NaN,NaN,NaN,NaN,NaN
NaN,NaN,NaN,NaN,NaN,NaN,NaN,NaN,NaN,NaN,NaN,NaN,NaN,NaN,NaN,NaN,NaN,NaN,1,NaN
NaN,NaN,NaN,NaN,NaN,NaN,0.037183,NaN,NaN,NaN,NaN,NaN,NaN,NaN,NaN,NaN,NaN,NaN,NaN,NaN
NaN,NaN,NaN,NaN,NaN,NaN,NaN,NaN,NaN,NaN,NaN,NaN,NaN,NaN,NaN,3,NaN,NaN,NaN,NaN
NaN,NaN,NaN,NaN,NaN,NaN,NaN,NaN,NaN,NaN,NaN,NaN,NaN,NaN,NaN,NaN,NaN,3,NaN,NaN
NaN,NaN,NaN,NaN,NaN,NaN,NaN,NaN,NaN,NaN,NaN,NaN,NaN,NaN,NaN,NaN,NaN,NaN,1,NaN
NaN,NaN,NaN,NaN,NaN,NaN,NaN,2,NaN,NaN,NaN,NaN,NaN,NaN,NaN,NaN,NaN,NaN,NaN,NaN
NaN,NaN,NaN,NaN,0.30453,NaN,NaN,NaN,NaN,NaN,NaN,NaN,NaN,NaN,NaN,NaN,NaN,NaN,NaN,NaN
NaN,NaN,NaN,NaN,NaN,NaN,NaN,NaN,NaN,NaN,NaN,NaN,NaN,NaN,NaN,NaN,NaN,3,NaN,NaN
NaN,0.77305,NaN,NaN,NaN,NaN,NaN,NaN,NaN,NaN,NaN,NaN,NaN,NaN,NaN,NaN,NaN,NaN,NaN,NaN
NaN,NaN,0.57131,NaN,NaN,NaN,NaN,NaN,NaN,NaN,NaN,NaN,NaN,NaN,NaN,NaN,NaN,NaN,NaN,NaN
NaN,NaN,NaN,NaN,NaN,NaN,NaN,NaN,NaN,NaN,NaN,NaN,NaN,NaN,2,NaN,NaN,NaN,NaN,NaN
0.40795,NaN,NaN,NaN,NaN,NaN,NaN,NaN,NaN,NaN,NaN,NaN,NaN,NaN,NaN,NaN,NaN,NaN,NaN,NaN
NaN,NaN,NaN,NaN,NaN,NaN,NaN,NaN,NaN,NaN,NaN,NaN,NaN,NaN,NaN,NaN,NaN,3,NaN,NaN
NaN,NaN,NaN,NaN,NaN,NaN,-0.13096,NaN,NaN,NaN,NaN,NaN,NaN,NaN,NaN,NaN,NaN,NaN,NaN,NaN
NaN,NaN,NaN,NaN,0.27873,NaN,NaN,NaN,NaN,NaN,NaN,NaN,NaN,NaN,NaN,NaN,NaN,NaN,NaN,NaN
NaN,NaN,NaN,NaN,NaN,NaN,NaN,NaN,NaN,NaN,NaN,NaN,NaN,NaN,NaN,NaN,NaN,NaN,NaN,1
NaN,NaN,NaN,NaN,NaN,NaN,NaN,NaN,3,NaN,NaN,NaN,NaN,NaN,NaN,NaN,NaN,NaN,NaN,NaN
NaN,NaN,NaN,NaN,NaN,NaN,-0.014883,NaN,NaN,NaN,NaN,NaN,NaN,NaN,NaN,NaN,NaN,NaN,NaN,NaN
NaN,NaN,NaN,NaN,NaN,NaN,-0.041486,NaN,NaN,NaN,NaN,NaN,NaN,NaN,NaN,NaN,NaN,NaN,NaN,NaN
NaN,NaN,NaN,NaN,NaN,NaN,NaN,NaN,NaN,NaN,NaN,NaN,NaN,NaN,1,NaN,NaN,NaN,NaN,NaN
NaN,NaN,NaN,NaN,NaN,NaN,NaN,NaN,NaN,NaN,NaN,NaN,NaN,NaN,NaN,NaN,NaN,3,NaN,NaN
NaN,NaN,NaN,NaN,NaN,NaN,NaN,NaN,3,NaN,NaN,NaN,NaN,NaN,NaN,NaN,NaN,NaN,NaN,NaN
NaN,NaN,NaN,NaN,NaN,NaN,NaN,NaN,NaN,NaN,NaN,NaN,NaN,NaN,NaN,NaN,NaN,NaN,1,NaN
NaN,NaN,NaN,NaN,NaN,NaN,-0.23113,NaN,NaN,NaN,NaN,NaN,NaN,NaN,NaN,NaN,NaN,NaN,NaN,NaN
NaN,NaN,NaN,NaN,0.19356,NaN,NaN,NaN,NaN,NaN,NaN,NaN,NaN,NaN,NaN,NaN,NaN,NaN,NaN,NaN
NaN,NaN,NaN,NaN,NaN,NaN,-0.13398,NaN,NaN,NaN,NaN,NaN,NaN,NaN,NaN,NaN,NaN,NaN,NaN,NaN
NaN,NaN,NaN,NaN,NaN,NaN,NaN,NaN,NaN,NaN,NaN,NaN,NaN,NaN,NaN,NaN,2,NaN,NaN,NaN
NaN,NaN,NaN,NaN,NaN,NaN,NaN,NaN,NaN,NaN,NaN,NaN,NaN,NaN,NaN,NaN,NaN,NaN,1,NaN
NaN,0.039937,NaN,NaN,NaN,NaN,NaN,NaN,NaN,NaN,NaN,NaN,NaN,NaN,NaN,NaN,NaN,NaN,NaN,NaN
NaN,NaN,NaN,NaN,NaN,NaN,NaN,NaN,3,NaN,NaN,NaN,NaN,NaN,NaN,NaN,NaN,NaN,NaN,NaN
NaN,NaN,NaN,NaN,0.29702,NaN,NaN,NaN,NaN,NaN,NaN,NaN,NaN,NaN,NaN,NaN,NaN,NaN,NaN,NaN
NaN,NaN,NaN,NaN,NaN,NaN,0.11466,NaN,NaN,NaN,NaN,NaN,NaN,NaN,NaN,NaN,NaN,NaN,NaN,NaN
NaN,NaN,NaN,NaN,NaN,NaN,NaN,2,NaN,NaN,NaN,NaN,NaN,NaN,NaN,NaN,NaN,NaN,NaN,NaN
NaN,0.11331,NaN,NaN,NaN,NaN,NaN,NaN,NaN,NaN,NaN,NaN,NaN,NaN,NaN,NaN,NaN,NaN,NaN,NaN
-0.01686,NaN,NaN,NaN,NaN,NaN,NaN,NaN,NaN,NaN,NaN,NaN,NaN,NaN,NaN,NaN,NaN,NaN,NaN,NaN
NaN,NaN,NaN,NaN,NaN,NaN,NaN,NaN,NaN,NaN,NaN,NaN,NaN,NaN,NaN,NaN,NaN,NaN,NaN,1
NaN,NaN,NaN,NaN,NaN,NaN,NaN,NaN,NaN,NaN,NaN,NaN,NaN,1,NaN,NaN,NaN,NaN,NaN,NaN
NaN,NaN,0.059253,NaN,NaN,NaN,NaN,NaN,NaN,NaN,NaN,NaN,NaN,NaN,NaN,NaN,NaN,NaN,NaN,NaN
NaN,NaN,NaN,NaN,NaN,NaN,NaN,NaN,NaN,NaN,NaN,2,NaN,NaN,NaN,NaN,NaN,NaN,NaN,NaN
NaN,NaN,NaN,NaN,NaN,NaN,NaN,NaN,NaN,NaN,NaN,NaN,NaN,NaN,NaN,NaN,2,NaN,NaN,NaN
NaN,NaN,NaN,NaN,NaN,NaN,-0.23292,NaN,NaN,NaN,NaN,NaN,NaN,NaN,NaN,NaN,NaN,NaN,NaN,NaN
NaN,NaN,NaN,NaN,NaN,NaN,NaN,NaN,NaN,NaN,NaN,NaN,NaN,1,NaN,NaN,NaN,NaN,NaN,NaN
NaN,NaN,NaN,NaN,NaN,NaN,NaN,NaN,3,NaN,NaN,NaN,NaN,NaN,NaN,NaN,NaN,NaN,NaN,NaN
NaN,NaN,NaN,NaN,NaN,NaN,NaN,NaN,NaN,NaN,NaN,NaN,NaN,NaN,NaN,NaN,NaN,NaN,1,NaN
NaN,NaN,NaN,NaN,NaN,NaN,NaN,NaN,NaN,NaN,NaN,3,NaN,NaN,NaN,NaN,NaN,NaN,NaN,NaN
NaN,NaN,NaN,NaN,NaN,NaN,NaN,NaN,NaN,NaN,NaN,NaN,NaN,1,NaN,NaN,NaN,NaN,NaN,NaN
NaN,NaN,NaN,NaN,NaN,NaN,NaN,NaN,NaN,NaN,NaN,NaN,NaN,1,NaN,NaN,NaN,NaN,NaN,NaN
NaN,NaN,NaN,NaN,NaN,NaN,NaN,NaN,3,NaN,NaN,NaN,NaN,NaN,NaN,NaN,NaN,NaN,NaN,NaN
NaN,NaN,NaN,NaN,NaN,0.4864,NaN,NaN,NaN,NaN,NaN,NaN,NaN,NaN,NaN,NaN,NaN,NaN,NaN,NaN
NaN,NaN,NaN,NaN,NaN,NaN,NaN,NaN,NaN,NaN,NaN,NaN,NaN,NaN,NaN,NaN,NaN,3,NaN,NaN
NaN,NaN,NaN,NaN,0.2998,NaN,NaN,NaN,NaN,NaN,NaN,NaN,NaN,NaN,NaN,NaN,NaN,NaN,NaN,NaN
NaN,NaN,NaN,NaN,NaN,-0.063902,NaN,NaN,NaN,NaN,NaN,NaN,NaN,NaN,NaN,NaN,NaN,NaN,NaN,NaN
0.14514,NaN,NaN,NaN,NaN,NaN,NaN,NaN,NaN,NaN,NaN,NaN,NaN,NaN,NaN,NaN,NaN,NaN,NaN,NaN
NaN,NaN,0.64833,NaN,NaN,NaN,NaN,NaN,NaN,NaN,NaN,NaN,NaN,NaN,NaN,NaN,NaN,NaN,NaN,NaN
NaN,NaN,NaN,NaN,0.31451,NaN,NaN,NaN,NaN,NaN,NaN,NaN,NaN,NaN,NaN,NaN,NaN,NaN,NaN,NaN
NaN,NaN,NaN,NaN,NaN,NaN,NaN,NaN,NaN,NaN,NaN,NaN,NaN,NaN,NaN,NaN,NaN,3,NaN,NaN
0.37849,NaN,NaN,NaN,NaN,NaN,NaN,NaN,NaN,NaN,NaN,NaN,NaN,NaN,NaN,NaN,NaN,NaN,NaN,NaN
NaN,NaN,NaN,NaN,NaN,-0.10443,NaN,NaN,NaN,NaN,NaN,NaN,NaN,NaN,NaN,NaN,NaN,NaN,NaN,NaN
NaN,NaN,NaN,NaN,NaN,NaN,NaN,2,NaN,NaN,NaN,NaN,NaN,NaN,NaN,NaN,NaN,NaN,NaN,NaN
NaN,NaN,NaN,NaN,NaN,NaN,NaN,NaN,NaN,NaN,NaN,NaN,3,NaN,NaN,NaN,NaN,NaN,NaN,NaN
NaN,NaN,NaN,NaN,NaN,NaN,0.85223,NaN,NaN,NaN,NaN,NaN,NaN,NaN,NaN,NaN,NaN,NaN,NaN,NaN
NaN,NaN,NaN,NaN,NaN,NaN,NaN,NaN,NaN,NaN,1,NaN,NaN,NaN,NaN,NaN,NaN,NaN,NaN,NaN
NaN,NaN,NaN,NaN,NaN,NaN,NaN,NaN,NaN,NaN,NaN,NaN,NaN,NaN,2,NaN,NaN,NaN,NaN,NaN
NaN,NaN,NaN,NaN,NaN,NaN,NaN,NaN,NaN,NaN,NaN,NaN,NaN,NaN,NaN,NaN,NaN,NaN,1,NaN
NaN,NaN,NaN,NaN,NaN,NaN,0.65528,NaN,NaN,NaN,NaN,NaN,NaN,NaN,NaN,NaN,NaN,NaN,NaN,NaN
0.10865,NaN,NaN,NaN,NaN,NaN,NaN,NaN,NaN,NaN,NaN,NaN,NaN,NaN,NaN,NaN,NaN,NaN,NaN,NaN
NaN,NaN,NaN,-0.17474,NaN,NaN,NaN,NaN,NaN,NaN,NaN,NaN,NaN,NaN,NaN,NaN,NaN,NaN,NaN,NaN
NaN,NaN,NaN,NaN,NaN,NaN,NaN,NaN,NaN,NaN,NaN,NaN,NaN,NaN,NaN,3,NaN,NaN,NaN,NaN
NaN,0.080312,NaN,NaN,NaN,NaN,NaN,NaN,NaN,NaN,NaN,NaN,NaN,NaN,NaN,NaN,NaN,NaN,NaN,NaN
NaN,0.053015,NaN,NaN,NaN,NaN,NaN,NaN,NaN,NaN,NaN,NaN,NaN,NaN,NaN,NaN,NaN,NaN,NaN,NaN
NaN,NaN,NaN,NaN,NaN,NaN,NaN,NaN,NaN,NaN,NaN,NaN,4,NaN,NaN,NaN,NaN,NaN,NaN,NaN
NaN,NaN,NaN,NaN,NaN,NaN,NaN,NaN,NaN,NaN,NaN,NaN,NaN,NaN,NaN,3,NaN,NaN,NaN,NaN
NaN,NaN,NaN,NaN,NaN,NaN,NaN,4,NaN,NaN,NaN,NaN,NaN,NaN,NaN,NaN,NaN,NaN,NaN,NaN
NaN,NaN,0.62087,NaN,NaN,NaN,NaN,NaN,NaN,NaN,NaN,NaN,NaN,NaN,NaN,NaN,NaN,NaN,NaN,NaN
NaN,NaN,NaN,NaN,NaN,NaN,NaN,NaN,NaN,NaN,NaN,NaN,NaN,NaN,NaN,NaN,NaN,NaN,NaN,1
NaN,NaN,NaN,0.79279,NaN,NaN,NaN,NaN,NaN,NaN,NaN,NaN,NaN,NaN,NaN,NaN,NaN,NaN,NaN,NaN
NaN,NaN,0.90171,NaN,NaN,NaN,NaN,NaN,NaN,NaN,NaN,NaN,NaN,NaN,NaN,NaN,NaN,NaN,NaN,NaN
NaN,NaN,NaN,NaN,NaN,NaN,NaN,NaN,NaN,NaN,NaN,2,NaN,NaN,NaN,NaN,NaN,NaN,NaN,NaN
NaN,NaN,NaN,NaN,NaN,NaN,NaN,NaN,NaN,NaN,NaN,NaN,NaN,NaN,NaN,NaN,2,NaN,NaN,NaN
NaN,NaN,NaN,NaN,NaN,NaN,NaN,NaN,NaN,3,NaN,NaN,NaN,NaN,NaN,NaN,NaN,NaN,NaN,NaN
NaN,NaN,NaN,NaN,NaN,NaN,0.14207,NaN,NaN,NaN,NaN,NaN,NaN,NaN,NaN,NaN,NaN,NaN,NaN,NaN
NaN,0.21219,NaN,NaN,NaN,NaN,NaN,NaN,NaN,NaN,NaN,NaN,NaN,NaN,NaN,NaN,NaN,NaN,NaN,NaN
NaN,NaN,NaN,NaN,NaN,NaN,NaN,NaN,NaN,NaN,NaN,NaN,NaN,NaN,NaN,NaN,NaN,NaN,NaN,1
0.15323,NaN,NaN,NaN,NaN,NaN,NaN,NaN,NaN,NaN,NaN,NaN,NaN,NaN,NaN,NaN,NaN,NaN,NaN,NaN
NaN,NaN,NaN,NaN,NaN,NaN,NaN,NaN,NaN,NaN,NaN,NaN,NaN,NaN,NaN,NaN,NaN,3,NaN,NaN
NaN,NaN,NaN,NaN,NaN,NaN,NaN,NaN,NaN,NaN,NaN,NaN,NaN,NaN,NaN,NaN,NaN,NaN,NaN,1
NaN,NaN,NaN,NaN,NaN,NaN,NaN,NaN,NaN,NaN,NaN,NaN,NaN,NaN,NaN,NaN,2,NaN,NaN,NaN
NaN,NaN,NaN,NaN,NaN,NaN,NaN,1,NaN,NaN,NaN,NaN,NaN,NaN,NaN,NaN,NaN,NaN,NaN,NaN
NaN,NaN,0.76387,NaN,NaN,NaN,NaN,NaN,NaN,NaN,NaN,NaN,NaN,NaN,NaN,NaN,NaN,NaN,NaN,NaN
NaN,NaN,NaN,NaN,NaN,NaN,NaN,NaN,NaN,NaN,1,NaN,NaN,NaN,NaN,NaN,NaN,NaN,NaN,NaN
NaN,NaN,NaN,NaN,NaN,NaN,NaN,NaN,NaN,NaN,NaN,NaN,NaN,NaN,NaN,NaN,NaN,NaN,NaN,1
NaN,NaN,NaN,0.27476,NaN,NaN,NaN,NaN,NaN,NaN,NaN,NaN,NaN,NaN,NaN,NaN,NaN,NaN,NaN,NaN
NaN,NaN,NaN,NaN,NaN,NaN,NaN,NaN,NaN,NaN,NaN,3,NaN,NaN,NaN,NaN,NaN,NaN,NaN,NaN
NaN,NaN,NaN,NaN,0.16327,NaN,NaN,NaN,NaN,NaN,NaN,NaN,NaN,NaN,NaN,NaN,NaN,NaN,NaN,NaN
NaN,NaN,NaN,NaN,NaN,NaN,NaN,NaN,NaN,NaN,NaN,NaN,NaN,NaN,NaN,NaN,NaN,3,NaN,NaN
NaN,0.19034,NaN,NaN,NaN,NaN,NaN,NaN,NaN,NaN,NaN,NaN,NaN,NaN,NaN,NaN,NaN,NaN,NaN,NaN
NaN,NaN,NaN,NaN,NaN,NaN,NaN,NaN,NaN,NaN,NaN,NaN,NaN,1,NaN,NaN,NaN,NaN,NaN,NaN
NaN,0.078171,NaN,NaN,NaN,NaN,NaN,NaN,NaN,NaN,NaN,NaN,NaN,NaN,NaN,NaN,NaN,NaN,NaN,NaN
NaN,NaN,NaN,NaN,0.26743,NaN,NaN,NaN,NaN,NaN,NaN,NaN,NaN,NaN,NaN,NaN,NaN,NaN,NaN,NaN
NaN,NaN,NaN,0.72561,NaN,NaN,NaN,NaN,NaN,NaN,NaN,NaN,NaN,NaN,NaN,NaN,NaN,NaN,NaN,NaN
NaN,NaN,NaN,NaN,NaN,NaN,NaN,NaN,NaN,NaN,NaN,NaN,NaN,NaN,NaN,NaN,2,NaN,NaN,NaN
NaN,NaN,NaN,NaN,NaN,NaN,NaN,NaN,NaN,NaN,NaN,NaN,NaN,NaN,NaN,3,NaN,NaN,NaN,NaN
NaN,NaN,NaN,NaN,NaN,NaN,NaN,NaN,NaN,3,NaN,NaN,NaN,NaN,NaN,NaN,NaN,NaN,NaN,NaN
NaN,0.068114,NaN,NaN,NaN,NaN,NaN,NaN,NaN,NaN,NaN,NaN,NaN,NaN,NaN,NaN,NaN,NaN,NaN,NaN
NaN,NaN,NaN,NaN,NaN,NaN,0.89528,NaN,NaN,NaN,NaN,NaN,NaN,NaN,NaN,NaN,NaN,NaN,NaN,NaN
NaN,NaN,NaN,NaN,NaN,NaN,NaN,NaN,NaN,4,NaN,NaN,NaN,NaN,NaN,NaN,NaN,NaN,NaN,NaN
NaN,NaN,NaN,NaN,NaN,NaN,NaN,NaN,NaN,3,NaN,NaN,NaN,NaN,NaN,NaN,NaN,NaN,NaN,NaN
NaN,NaN,NaN,NaN,NaN,NaN,NaN,NaN,NaN,NaN,NaN,NaN,NaN,NaN,NaN,NaN,NaN,NaN,1,NaN
NaN,NaN,NaN,NaN,NaN,NaN,NaN,NaN,NaN,NaN,NaN,NaN,NaN,NaN,NaN,NaN,2,NaN,NaN,NaN
NaN,NaN,NaN,NaN,NaN,NaN,NaN,4,NaN,NaN,NaN,NaN,NaN,NaN,NaN,NaN,NaN,NaN,NaN,NaN
NaN,NaN,NaN,NaN,NaN,NaN,NaN,4,NaN,NaN,NaN,NaN,NaN,NaN,NaN,NaN,NaN,NaN,NaN,NaN
NaN,NaN,NaN,0.22389,NaN,NaN,NaN,NaN,NaN,NaN,NaN,NaN,NaN,NaN,NaN,NaN,NaN,NaN,NaN,NaN
NaN,NaN,NaN,0.83865,NaN,NaN,NaN,NaN,NaN,NaN,NaN,NaN,NaN,NaN,NaN,NaN,NaN,NaN,NaN,NaN
NaN,NaN,NaN,NaN,NaN,NaN,NaN,NaN,NaN,4,NaN,NaN,NaN,NaN,NaN,NaN,NaN,NaN,NaN,NaN
NaN,NaN,NaN,NaN,NaN,NaN,NaN,NaN,NaN,NaN,NaN,NaN,NaN,NaN,NaN,NaN,NaN,NaN,1,NaN
NaN,NaN,NaN,NaN,NaN,NaN,NaN,NaN,NaN,NaN,NaN,NaN,NaN,NaN,NaN,3,NaN,NaN,NaN,NaN
NaN,NaN,NaN,NaN,NaN,NaN,NaN,NaN,NaN,NaN,NaN,NaN,NaN,NaN,NaN,NaN,2,NaN,NaN,NaN
NaN,NaN,NaN,NaN,NaN,NaN,NaN,NaN,NaN,NaN,NaN,NaN,NaN,1,NaN,NaN,NaN,NaN,NaN,NaN
NaN,NaN,NaN,NaN,NaN,NaN,NaN,NaN,NaN,NaN,NaN,NaN,NaN,NaN,NaN,NaN,2,NaN,NaN,NaN
NaN,NaN,NaN,NaN,NaN,NaN,NaN,NaN,NaN,NaN,NaN,NaN,NaN,NaN,3,NaN,NaN,NaN,NaN,NaN
NaN,0.14793,NaN,NaN,NaN,NaN,NaN,NaN,NaN,NaN,NaN,NaN,NaN,NaN,NaN,NaN,NaN,NaN,NaN,NaN
0.43071,0,0.04386,0.014925,0.101,0,1,1,1,10,1,1,1,2,1
0.81964,0.15929,0.10667,0.089552,0.0215,0.0056,2,1,1,9,2,1,1,2,1
0.34227,0.017857,0.052632,0,0.14,0.00824,2,1,1,9,2,1,2,2,1
0.3888,0.055,0.13158,0.074627,0.05,3e-05,1,1,1,10,1,1,1,1,1
0.28178,0.20089,0.06,0,0.06,0,1,1,1,10,1,1,2,2,3
0.44817,0.14286,0.087719,0,0.18,0,1,1,1,7,1,1,2,1,1
0.4634,0.037143,0.22807,0,0.082,0.31285,1,1,1,8,2,1,2,1,1
0.3202,0.41375,0.0014035,0,0.04,0.01349,2,1,1,3,1,1,2,2,1
0.76027,0.017857,0.13895,0,0.09,0.00314,1,2,2,6,2,1,2,2,1
0.59374,0.17554,0.11105,0,0.026,0.01442,1,2,2,10,1,1,2,1,1
0.30847,0.029643,0.075965,0,0.064,0,1,1,1,1,2,2,2,1,1
0.41799,0.065536,0.15211,0,0.13,0.002,1,1,1,1,2,1,2,2,1
0.53437,0.21429,0.035088,0,0,0,2,1,1,6,1,1,2,1,1
0.6717,0.21571,0.0014035,0,0,0.0269,1,1,1,6,1,2,2,2,1
0.64026,0.375,0.17544,0.10448,0,0,2,1,1,9,1,1,1,1,1
0.51229,0.15768,0.0087719,0.14925,0.16,0,1,2,2,6,1,1,1,1,1
0.39466,0.03125,0.033684,0.044776,0.198,0,1,1,1,7,1,1,1,1,1
0.32481,0.20982,0.11123,0.14925,0.06,0.00245,2,1,1,9,1,1,1,2,1
0.30497,0.0089286,0.023333,0,0,0,1,1,1,2,2,1,2,1,1
0.26781,0.30661,0.026316,0.10448,0.048,0,2,1,1,3,2,1,1,2,1
0.34926,0.40179,0.087719,0.25373,0.1,0.01208,1,1,1,1,1,1,1,2,1
0.32481,0.035714,0.029298,0,0.15,0,1,1,1,1,1,1,2,2,3
0.66709,0.28571,0.27632,0.089552,0,0.0126,2,1,1,1,1,1,1,1,1
0.38307,0.51786,0.10825,0.014925,0.06,0.00011,2,1,1,11,2,1,1,2,1
0.57516,0.23214,0.017544,0.044776,0.0725,0,2,1,1,9,1,1,1,1,1
0.22115,0.020893,0.052632,0.029851,0.05,0,2,1,1,1,2,1,1,2,1
0.65661,0.46429,0.18123,0.13433,0,0,2,1,1,4,3,1,1,1,1
0.79044,0.66071,0.52632,0.25373,0,0,1,1,1,2,3,1,1,1,1
0.80218,0.30357,0.24561,0.044776,0,0,1,1,1,12,2,1,1,2,1
0.58787,0.037143,0.17544,0.089552,0.25,0.1,1,1,1,10,1,1,1,1,1
0.40863,0.52821,0.17684,0.074627,0.084,0,1,1,1,13,1,1,1,1,1
0.58676,0.34964,0.2793,0.1194,0,0,1,1,1,11,2,1,1,2,1
0.69153,0.27089,0.26614,0.22388,0,0.05,1,1,1,4,3,1,1,1,1
0.51341,0.18304,0.17544,0,0,0.04,2,1,1,12,1,1,2,1,1
0.31545,0.38393,0.014561,0.074627,0,0.0056,2,1,1,9,1,1,1,1,1
0.3888,0.053571,0.070175,0.16418,0.217,0.00035,1,1,1,10,1,1,1,1,1
0.38069,0.056607,0.064386,0.1791,0.2915,0.00713,1,1,1,3,2,1,1,1,1
0.32132,0.41964,0.017544,0.029851,0.15,0.00551,2,1,1,11,2,1,1,1,1
0.38768,0.020893,0.0087719,0.029851,0.13,0.005,1,2,2,3,1,1,1,2,1
0.7625,0.33625,0.50579,0.16418,0.015,0.003,1,1,1,14,8,1,1,1,1
0.47737,0.3275,0.15789,0.1791,0,0.00221,1,1,1,1,1,1,1,1,1
0.40402,0.53571,0.18719,0.16418,0,0.02283,1,1,1,1,2,1,1,2,1
0.4145,0.050536,0.026316,0.014925,0.12,0.001,1,1,1,10,2,1,1,2,1
0.55295,0.49696,0.30263,0.089552,0.035,0,1,1,1,10,1,1,1,1,1
0.78821,1,1,0.59701,0,0.00015,1,2,2,1,1,1,1,2,1
0.75901,0.24107,0.092105,0.16418,0,0.00284,1,1,1,1,2,1,1,1,1
0.57279,0.072857,0.004386,0.34328,0.2275,0.01236,2,2,2,9,2,1,1,1,1
0.44593,0.15929,0.21193,0.044776,0.1555,0.003,1,1,1,3,2,1,1,2,1
0.57977,0.055,0.12281,0,0.108,0,1,1,1,4,3,2,2,2,1
0.33417,0.02375,0.0057895,0,0.05,0,1,1,1,1,1,2,2,2,1
0.35974,0.017857,0.030702,0,0.2455,0,2,1,1,1,2,1,2,1,1
0.36323,0.035714,0.061404,0,0.14,0,1,1,1,9,1,1,2,1,1
0.52277,0.072857,0.0014035,0,0.2,0.058,1,1,1,10,1,1,2,1,1
0.48785,0.089286,0,0,0.1195,0.002,1,1,1,10,1,1,2,1,1
0.47849,0.10714,0.26018,0,0,0,1,1,1,3,2,1,2,1,1
0.32593,0.41518,0.029298,0,0.08,0.003,1,2,2,10,1,1,2,1,1
0.32369,0,0.0029825,0,0,0,1,1,1,3,1,1,2,2,1
0.61931,0.017857,0.17544,0,0.16,0,1,1,1,4,2,1,2,1,1
0.49134,0.16071,0.20175,0,0.3555,0,1,1,1,11,2,2,2,1,3
0.60422,0.10714,0.21053,0.16418,0.04,0,1,1,1,9,2,1,1,2,1
0.79282,0.4375,0.04386,0.059701,0.1,0,1,1,1,7,1,1,1,1,1
0.44244,0.57732,0.10526,0.13433,0.125,0.0073,1,1,1,2,1,1,1,2,1
0.32719,0.028214,0.052632,0.029851,0.04,0.004,2,2,2,9,1,1,1,1,1
0.28528,0.029821,0.055614,0.014925,0,0,2,1,1,9,1,1,1,2,1
0.37259,0.15179,0.15053,0.014925,0.06,0,1,1,1,3,1,1,1,1,1
0.47737,0.055,0.054035,0.014925,0.26,0.5,1,1,1,3,1,1,1,1,1
0.50293,0.035714,0.070175,0.16418,0,0.00456,2,1,1,1,1,1,1,2,1
0.35624,0.013393,0.0087719,0.044776,0.13,0.15108,1,1,1,7,1,1,1,2,1
0.2713,0.23214,0.051228,0.10448,0.04,0.02954,1,1,1,10,2,1,1,2,1
0.49134,0.89732,0.057018,0.014925,0.2575,0.005,1,1,1,11,2,1,1,1,1
0.45166,0.26786,0.055614,0,0.21,0,1,1,1,12,3,1,2,1,3
0.48659,0.14286,0.4386,0,0,0,1,1,1,2,3,1,2,1,1
0.53898,0.17857,0.47368,0,0.49,0,2,1,1,3,1,1,2,1,1
0.61819,0.017857,0.37719,0,0.2,0,1,1,1,7,1,1,2,2,3
0.62629,0.25,0.057018,0,0.08,2e-05,1,2,2,1,1,2,2,2,1
0.28877,0.18893,0.013158,0.014925,0.08,0,1,1,1,9,1,1,1,2,1
0.47611,0.23214,0.004386,0,0.2215,0,1,1,1,13,1,1,2,1,1
0.26781,0.020893,0.020526,0,0.08,0,2,2,2,13,1,1,2,1,1
0.30274,0.041607,0.087719,0.014925,0.09,0.0002,1,2,2,6,1,1,1,2,1
0.30036,0.34821,0.0087719,0,0.07,0,1,1,1,1,1,1,2,2,1
0.69265,0.67857,0,0.014925,0.047,0,1,1,1,14,8,1,1,2,1
0.38656,0.053571,0.070175,0,0.184,0,2,1,1,7,1,1,2,2,3
0.55644,0.017857,0.0087719,0,0.144,0,1,1,1,7,1,1,2,2,3
0,0.125,0.10526,0,0.15,0,2,1,1,2,1,1,2,1,1
0.38069,0.022321,0.015965,0,0.1,0,1,1,1,13,1,1,2,1,1
0.51928,0.14286,0.17544,0,0.14,0,1,1,1,1,3,1,2,1,3
0,0.013393,0.030702,0,0.464,0,1,1,1,2,1,1,2,1,3
0.35862,0.078929,0.14035,0,0.094,0,1,2,2,13,1,1,2,2,1
0.47499,0.16071,0.035088,0,0.12,0,1,1,1,13,1,1,2,1,1
0.68455,0.053571,0,0,0.05,0.00027,2,1,1,5,4,1,2,1,1
0.87315,0.45536,0.17544,0,0.056,0,1,2,2,1,2,1,2,2,1
0.43895,0.55357,0.017544,0,0.06,0,1,1,1,1,1,1,2,2,1
0,0.17857,0.29825,0,0,0,1,2,2,13,1,1,2,2,1
0.73107,0.049107,0.33193,0,0.1,0.001,1,2,2,1,2,1,2,1,1
0.40165,0.053571,0.052632,0,0,0.00225,1,2,2,1,1,1,2,1,1
0.39927,0.12643,0.017544,0,0.0855,0,2,1,1,4,3,1,2,1,1
0.32132,0.022321,0.004386,0,0.09,1e-05,1,2,2,13,1,1,2,2,1
0,0.017857,0.029298,0,0.16,0,1,1,1,1,3,1,2,1,3
0.31433,0.39286,0.10526,0,0.134,0,2,2,2,9,1,1,2,1,1
0.39816,0.035714,0.035088,0.029851,0.0835,0.005,2,1,1,9,1,1,1,1,1
0.52389,0.0625,0.0087719,0,0.082,0.004,1,2,2,1,3,1,2,1,1
0.49246,0.58929,0.14035,0,0.04,0,1,2,2,1,1,1,2,2,1
0.26083,0.17857,0.013158,0.029851,0,0.00038,1,1,1,9,1,1,1,2,1
0.34926,0.42857,0.078947,0.029851,0.06,5e-05,1,1,1,6,1,1,1,1,1
0.3888,0.14286,0.20175,0.029851,0.0375,0,1,2,2,4,2,1,1,1,1
0.766,0.55357,0,0.29851,0.076,0.0013,1,1,1,12,6,1,1,2,1
0.40165,0.041607,0.017544,0,0.14,0,1,1,1,6,1,1,2,2,3
0.34926,0.39286,0.15789,0,0.06,0,2,2,2,13,1,1,2,2,1
0.57167,0.080357,0.35088,0,0.088,0,1,2,2,11,2,1,2,1,1
0.27592,0.026786,0.027895,0.074627,0.07,5e-05,2,1,1,1,1,1,1,1,1
0.40752,0.125,0.12281,0.044776,0.1645,0,1,1,1,10,1,1,1,1,1
0.34227,0.037143,0.017544,0.044776,0.09,0.00147,2,2,2,14,8,1,1,2,1
0.34339,0.44643,0.030702,0,0.13,0,1,1,1,10,1,1,2,1,1
0.4715,0.026786,0.035088,0.044776,0.106,0,2,1,1,6,3,1,1,1,1
0.28877,0.044643,0.048246,0.044776,0.07,0.0021,1,2,2,1,2,1,1,1,1
0.35513,0.040179,0.045263,0.029851,0.1,0,2,1,1,9,1,1,1,2,1
0.52738,0.25,0.40351,0.10448,0.15,5e-05,1,1,1,9,2,1,1,1,1
0.73345,0.23214,0.2207,0.22388,0,0.11202,1,1,1,6,1,1,1,2,1
0.80791,0.25143,0.49123,0.089552,0.18,0.01332,1,1,1,7,1,1,1,1,1
0.28989,0.36911,0.011754,0.014925,0.04,0.0005,2,1,1,3,2,1,1,1,1
0.5577,0.22179,0.0014035,0.014925,0.1,0.003,1,1,1,9,1,1,1,2,1
0.35862,0.44643,0.042456,1,0.07,0.00258,1,1,1,3,1,1,1,1,1
0.34577,0.44643,0.052632,0.1791,0.06,0.00567,2,1,1,13,1,1,1,1,1
0.61707,0.23804,0.25877,0.044776,0,0,2,1,1,9,1,1,1,1,1
0.3283,0.32143,0.29825,0.074627,0.06,0,2,1,1,9,1,1,1,1,1
0.48785,0.17857,0.26316,0.089552,0,0.01,1,1,1,11,2,1,1,1,1
0.66597,0.089286,0.087719,0.1791,0.205,0.0251,1,1,1,7,3,1,1,1,1
0.31783,0.39286,0.087719,0.10448,0.05,0.00809,1,1,1,9,1,1,1,1,1
0.48086,0.15179,0.11404,0.029851,0.137,0.0061,1,1,1,4,3,1,1,2,1
0.39704,0.125,0.029298,0,0.14,0,2,1,1,10,1,1,2,2,3
0.94649,0.19643,0.45614,0.014925,0,0,1,1,1,12,6,1,1,1,1
0.28528,0.065536,0.078947,0.014925,0.05,0.0015,1,1,1,1,1,1,1,2,1
0.66248,0.28571,0.22807,0.089552,0.1875,0.511,2,1,1,12,3,1,1,2,1
0.50643,0.17857,0.087719,0.089552,0,0.00367,1,1,1,1,3,1,1,2,1
0.45641,0.19643,0.19298,0.1791,0.204,0.01,1,1,1,9,2,1,1,1,1
0.67868,0.23214,0.21053,0,0.175,0,1,1,1,9,2,1,2,1,1
0.5577,0.019286,0.017544,0.044776,0.1,0.01,1,2,2,13,1,1,1,2,1
0.46913,0.098214,0.14912,0.089552,0.102,0,1,1,1,7,1,1,1,2,1
0.26306,0.33929,0.057018,0.089552,0.02,0.006,2,1,1,10,1,1,1,1,1
0.37608,0.48214,0.17544,0.029851,0,0.05,2,1,1,9,2,1,1,2,1
0.43657,0.13393,0.02193,0.13433,0.0905,0,2,1,1,3,2,1,1,1,1
0.78933,0.57143,0,0.22388,0,0.00247,2,1,1,5,8,1,1,2,1
0.60073,0.010357,0.061404,0.1194,0.05,0.00375,1,2,2,3,2,1,1,2,1
0.31196,0.39286,0.070175,0.014925,0.04,0.00278,1,1,1,10,1,1,1,2,1
0.38069,0.059464,0.17842,0.13433,0.1995,0.00827,1,1,1,3,2,1,1,2,1
0.45865,0.089286,0.096491,0.089552,0.08,0.02072,1,1,1,3,2,1,1,2,1
0.32481,0.053571,0.083333,0.044776,0,0.00582,1,1,1,9,1,1,1,1,1
0.56343,0.26929,0.2807,0.20896,0,0.023,2,2,2,9,2,1,1,2,1
0.4261,0.23214,0.14035,0.10448,0,0.03065,2,1,1,1,3,1,1,1,1
0.73806,0.53571,0.19298,0.20896,0,0.022,2,1,1,1,1,1,1,2,1
0.652,0.016429,0.014561,0.16418,0.22,6e-05,2,1,1,3,2,1,1,1,1
0.81489,0.35714,0.14035,0.20896,0,0.01602,2,1,1,9,1,1,1,2,1
0.52151,0.23214,0.14912,0.1791,0.0465,0,1,1,1,7,2,1,1,1,1
0.32244,0.089286,0.03807,0.16418,0.03,0.02184,1,1,1,1,1,1,1,1,1
0.45753,0.053571,0.19298,0.044776,0,0,1,1,1,3,2,1,1,1,1
0.30274,0.41071,0,0.16418,0,0,2,2,2,5,4,1,1,1,1
0.39816,0.10857,0.089123,0.014925,0.035,0,2,2,2,11,2,1,1,2,1
0.95935,0.53571,0,0.20896,0,0.03376,2,1,1,12,6,1,1,2,1
0.39117,0.071429,0.14614,0.029851,0.0905,0,1,1,1,6,2,1,1,1,1
0.47611,0.0028571,0.0014035,0.014925,0.14,0.02,1,2,2,7,3,1,1,1,1
0.38656,0.071429,0.035088,0.059701,0.07,0.07544,1,1,1,11,2,1,1,2,1
0.6147,0.071429,0.061404,0.029851,0,0.00015,1,1,1,7,1,1,1,1,1
0.35038,0.061071,0.058421,0.014925,0.1975,0.0002,1,1,1,11,1,1,1,1,1
0.44705,0.0625,0.0014035,0,0.1965,0,1,2,2,12,2,1,2,1,1
0.84633,0.58929,0.38596,0,0.0105,0.10561,2,1,1,9,1,1,2,1,1
0.57041,0.35714,0.061404,0,0.0145,0.00837,2,1,1,9,2,1,2,2,1
0.27005,0.33929,0.035088,0,0.03,0.004,1,1,1,9,1,1,2,1,1
0.45166,0.019286,0.0014035,0,0.22,0.11177,2,1,1,3,1,1,2,2,1
0.51229,0.11607,0.31579,0,0.051,0.00639,1,1,1,9,2,1,2,1,1
0.52389,0.040179,0.052632,0,0.2155,0,1,2,2,2,1,2,2,1,1
0.35038,0.090714,0.0087719,0,0.185,0,2,2,2,13,1,1,2,1,1
0.5774,0,0.52632,0,0,0,1,1,1,1,3,1,2,2,1
0.78234,0.44643,0.2807,0,0.012,0.02028,1,1,1,6,2,1,2,1,1
0.69614,0.48518,0.29825,0,0,0,2,1,1,6,2,1,2,1,1
0.31671,0.375,0.046842,0,0.05,0,1,1,1,9,2,1,2,2,1
0.3772,0.053571,0.013158,0,0.13,0.01065,1,2,2,10,1,1,2,1,1
0.34926,0.44643,0.10526,0,0.01,0,1,1,1,13,1,1,2,1,3
0.36435,0.30946,0.049649,0,0.08,0.0015,2,1,1,13,1,1,2,2,1
0.25733,0.33036,0.042456,0.059701,0.03,0.0054,2,1,1,9,1,1,1,2,1
0.28178,0.29179,0.068772,0.20896,0.03,0.00158,1,1,1,13,1,1,1,2,1
0.66597,0.010357,0.52632,0.29851,0,0.15,1,1,1,1,3,1,1,2,1
0.29687,0.083393,0.017544,0.059701,0.04,0,2,1,1,4,3,1,1,2,3
0.28877,0.10714,0.0057895,0.044776,0.05,6e-05,2,1,1,9,1,1,1,2,1
0.79743,0.69643,0.19298,0.10448,0,0.03,2,1,1,1,1,1,1,2,1
0.31322,0.20232,0.090702,0.10448,0.0645,0.03257,2,1,1,9,1,1,1,2,1
0.68106,0.30357,0.4386,0.13433,0.0905,0.01655,1,1,1,1,2,1,1,2,1
0.55882,0.23214,0.12281,0.014925,0,0.005,1,1,1,13,3,1,1,2,1
0.56692,0.17857,0.17544,0.10448,0,0.03065,1,1,1,1,1,1,1,2,1
0.40053,0.037143,0.087719,0.074627,0.15,0.0143,2,1,1,1,1,1,1,1,1
0.46214,0.16518,0.057018,0.029851,0,0,2,1,1,9,2,1,1,2,1
0.29799,0.375,0.10526,0,0,0,1,1,1,1,1,1,2,1,1
0.58676,0.0073214,0.17982,0,0.2,0,1,1,1,4,2,1,2,2,1
0.58326,0.034286,0.087719,0,0.255,0.006,1,1,1,11,1,1,2,2,1
0.31671,0.056607,0.10825,0.089552,0.04,0,1,2,2,10,1,1,1,2,1
0.48198,0.14429,0.29825,0.10448,0.0975,0,1,2,2,4,3,1,1,1,1
0.39466,0.18,0.052632,0.1194,0.072,7e-05,1,2,2,1,3,1,1,1,1
0.4634,0.11304,0.11105,0.044776,0.19,0,1,2,2,11,1,1,1,1,1
0.67295,0.27232,0.54386,0.1791,0,0.0079,1,1,1,10,2,1,1,2,1
0.3853,0.072857,0.070175,0.044776,0.185,0.0056,1,2,2,13,1,1,1,1,1
0.31545,0.35857,0.0014035,0.13433,0.03,0.00396,1,1,1,11,1,1,1,2,1
0.33641,0.017857,0.04386,0.014925,0,0.00678,2,1,1,9,2,1,1,2,1
0.5774,0.035714,0.078947,0,0,0.003,2,1,1,4,3,1,2,1,1
0.34688,0.098214,0.078947,0.089552,0,0.006,1,1,1,1,1,1,1,2,1
0.28989,0.36607,0.024912,0.029851,0.0245,0,2,1,1,9,1,1,1,1,1
0.50754,0.075893,0.0029825,0.014925,0.025,0.01187,1,2,2,10,1,1,1,2,1
0.49483,0.42857,0.49123,0.1194,0,0.0659,2,1,1,9,2,1,1,2,1
0.40053,0.33339,0.19877,0.089552,0.1905,0.00168,1,1,1,9,2,1,1,2,1
0.49134,0.089286,0.15789,0.10448,0.075,0.0127,1,1,1,6,1,1,1,2,1
0.55183,0.15179,0.22807,0.23881,0.0585,0.0121,1,1,1,1,3,1,1,2,1
0.54946,0.20982,0.35088,0.20896,0.1995,0,1,1,1,3,2,1,1,1,1
0.3399,0.23661,0.19298,0,0.05,0,1,2,2,2,1,1,2,1,3
0.83934,0.51786,0.63158,0.22388,0,0.01,1,1,1,14,8,1,1,1,1
0.32244,0.41071,0.12281,0.13433,0.028,0.00742,1,1,1,4,1,1,1,2,1
0.37259,0.096786,0.18421,0.014925,0.1055,0,1,2,2,3,1,1,1,2,1
0.67295,0.125,0.12281,0,0.115,0,1,1,1,13,1,1,2,2,3
0.57516,0.14429,0.24561,0.1194,0.16,0,1,1,1,3,2,1,1,2,1
0.78122,0.41071,0.17544,0.074627,0,0.08851,1,1,1,14,8,1,1,2,1
0.75328,0.34375,0.30404,0.074627,0,0,1,1,1,12,1,1,1,2,1
0.26432,0.33036,0.035088,0.059701,0.04,0.005,2,2,2,1,1,1,1,1,1
0.69964,0.44786,0.080351,0.044776,0.078,0,2,1,1,13,1,1,1,1,1
0.91394,0.39286,0.70175,0.10448,0.011,0,1,1,1,12,6,1,1,1,1
0.2456,0.32143,0.048246,0,0,0,2,1,1,13,1,1,2,1,1
0.26306,0.34071,0.0029825,0,0.05,0,2,1,1,13,1,1,2,2,1
0.52738,0.19643,0.004386,0,0.114,0,2,1,1,9,1,1,2,1,1
0.32481,0.14286,0.0087719,0,0.08,0,1,1,1,1,3,1,2,1,1
0.25258,0.19643,0.017544,0,0.04,0,1,1,1,6,1,1,2,2,1
0.31433,0.30214,0.086316,0,0.082,0,2,2,2,11,1,2,2,2,1
0.2748,0.013393,0.070175,0.029851,0.04,0,1,1,1,9,1,1,1,1,1
0.30847,0.39286,0.023333,0,0.05,0,1,1,1,3,1,1,2,2,1
0.35163,0.125,0.02193,0.10448,0,0.07059,1,1,1,3,1,1,1,2,1
0.66248,0.10714,0.48684,0.029851,0.2595,0.01704,2,1,1,11,1,1,1,1,1
0.46801,0.0625,0.15789,0.059701,0.1265,0.00857,1,1,1,11,2,1,1,1,1
0.38656,0.49107,0.20175,0,0.2435,0.005,1,1,1,10,1,1,2,1,1
0.81615,0.75,0.35088,0.19403,0,0.067,2,1,1,4,3,1,1,2,1
0.28877,0.065536,0.073158,0.074627,0.11,0.02503,2,1,1,9,1,1,1,2,1
0.3656,0.0089286,0,0,0,0,1,1,1,4,3,1,2,1,1
0.29799,0.26786,0.049649,0.014925,0.04,0.098,1,1,1,13,1,1,1,2,1
0.59835,0.16518,0.1607,0,0,0,1,1,1,9,1,1,2,2,3
0.53325,0.36161,0.087719,0.089552,0.26,0.00196,1,1,1,11,1,1,1,2,1
0.28639,0.35714,0.087719,0,0.02,0,1,2,2,1,1,1,2,2,3
0.67407,0.89589,0.061404,0.044776,0.06,0.00014,1,1,1,10,1,1,1,2,1
0.39578,0.17857,0.38596,0,0.035,0,1,1,1,10,1,1,2,1,1
0.26194,0.26786,0.095088,0.074627,0,0.26726,2,1,1,9,1,1,1,2,1
0.25845,0.071429,0.052632,0.029851,0.06,0.003,1,1,1,4,1,1,1,2,1
0.4634,0.10857,0.071579,0.014925,0.09,0.18027,1,2,2,1,2,1,1,1,1
0.62867,0.30357,0.49123,0.014925,0.044,0.02,1,1,1,3,2,1,1,1,1
0.2748,0.0075,0.010175,0.16418,0.04,0.00099,2,1,1,9,2,1,1,2,1
0.30497,0.39286,0.010175,0.089552,0.0605,0,1,1,1,11,1,1,1,2,1
0.56231,0.76786,0.70175,0.16418,0,0.012,1,1,1,12,6,1,1,2,1
0.57865,0.17857,0.17544,0.089552,0.235,0,1,1,1,9,2,1,1,1,1
0.24909,0.39286,0.035088,0.16418,0,0.03,2,1,1,11,2,1,1,2,1
0.32369,0.39732,0.01614,0.014925,0.05,0,1,1,1,11,2,1,1,2,1
0,0.022321,0.0087719,0,0.19,0.0201,1,1,1,6,1,2,2,2,1
0.25384,0.36607,0.03807,0,0.16,0.00013,1,1,1,1,2,2,2,2,1
0.27941,0.39446,0.070175,0,0.068,0,1,1,1,1,1,2,2,1,1
0.27941,0,0.017544,0,0.072,0,1,1,1,2,1,2,2,2,1
0.28989,0.34071,0.0014035,0,0.1,0.01,2,1,1,4,1,2,2,2,1
0.34227,0.0625,0.0057895,0,0.066,0,2,2,2,1,1,2,2,2,1
0.45753,0.083393,0.20175,0,0.146,0,1,1,1,2,2,2,2,1,1
0.72883,0,0,0,0,0,2,2,2,14,8,2,2,2,1
0.67295,0.047679,0.011754,0,0,0.0012,2,1,1,4,9,2,2,2,1
0.28528,0.375,0,0,0.077,0.00032,2,2,2,11,2,2,2,1,1
0.709,0.020893,0,0,0.0725,0,1,1,1,14,8,2,2,2,1
0.23861,0.0030357,0.0014035,0,0.07,0.00722,1,2,2,1,1,2,2,2,1
0.25608,0.043214,0,0,0.05,0,1,2,2,12,7,2,2,2,1
0.44705,0.21429,0.04386,0,0.136,0,2,1,1,2,1,2,2,2,1
0.83361,0.055,0.004386,0,0.13,0,1,1,1,9,1,1,2,1,1
0.25147,0.0058929,0.0073684,0,0.1,0.0004,1,1,1,9,5,2,2,2,1
0.45166,0.089286,0.04386,0,0.14,0,1,1,1,1,1,2,2,1,1
0.25258,0.24107,0.0014035,0,0.07,0,1,2,2,7,1,2,2,2,1
0.53437,0.36161,0.004386,0,0.08,0,1,2,2,6,1,2,2,2,1
0.42847,0.089286,0.078947,0,0.17,0,1,1,1,3,2,2,2,1,3
0.25957,0.20393,0.018947,0,0.06,0,1,1,1,2,1,2,2,2,1
0.26781,0.19339,0.010175,0,0.04,0.00484,2,1,1,4,2,2,2,2,1
0.25384,0.35714,0.0057895,0,0.17,0,2,2,2,9,2,2,2,2,1
0.34339,0.48214,0,0,0,0,1,2,2,14,8,2,2,2,1
0.22702,0.029821,0.0029825,0,0.1,0,1,1,1,7,1,1,2,2,3
0.29575,0.03125,0.0087719,0,0.14,0.00204,1,2,2,1,2,2,2,2,1
0.33417,0.020893,0.004386,0,0.12,1e-05,1,2,2,3,2,2,2,2,1
0.24686,0.15929,0.0087719,0,0.04,0,1,1,1,1,1,2,2,2,3
0.23051,0.044643,0.0087719,0.014925,0.054,0.00098,2,1,1,9,1,2,1,2,1
0.32481,0.45089,0.004386,0.029851,0,0.05552,1,1,1,1,1,2,1,2,1
0.2456,0.35714,0.0057895,0.014925,0.06,1e-05,1,1,1,10,2,2,1,2,1
0,0.053571,0,0.029851,0.1,0.00105,2,1,1,14,8,2,1,1,1
0.41213,0.020714,0.010175,0.014925,0.17,0.02803,1,1,1,10,1,2,1,2,1
0.26306,0.014821,0.0057895,0.014925,0.1,1e-05,1,2,2,1,1,2,1,2,1
0.30386,0.0625,0,0,0.08,0,2,2,2,5,4,2,2,2,1
0.32132,0.026786,0.017544,0,0.16,0,1,1,1,7,1,2,2,1,3
0.25496,0.35714,0.035088,0.014925,0.06,1e-05,2,1,1,10,1,2,1,2,1
0.35513,0.019286,0.0057895,0.014925,0.136,0.00444,1,1,1,10,1,2,1,2,1
0.49944,0.08625,0.004386,0.029851,0.11,1e-05,1,1,1,10,1,2,1,2,1
0.22464,0.011964,0,0.014925,0.08,0.00126,2,1,1,14,8,2,1,2,1
0.44593,0.11161,0.10667,0.029851,0.1,4e-05,2,1,1,14,8,2,1,1,1
0.96633,0.32143,0.14035,0.014925,0.035,6e-05,1,1,1,14,8,2,1,2,1
0.45991,0.089286,0.061404,0.029851,0.36,0,1,1,1,13,1,2,1,1,1
0.22814,0.098214,0.023333,0.014925,0.04,0.00021,1,1,1,13,1,2,1,2,1
0.30972,0.43304,0.11702,0.029851,0.09,0.00173,1,1,1,1,1,2,1,1,1
0.80441,0.071429,0.22807,0.014925,0,0.0001,2,1,1,14,8,2,1,2,1
0.25496,0.0058929,0.0087719,0,0.14,0,1,1,1,2,1,2,2,1,3
0.32719,0.035714,0.017544,0,0.14,0,1,1,1,1,1,2,2,1,3
0.22241,0.10268,0.0029825,0,0.06,0,2,1,1,9,1,2,2,2,1
0.34577,0.48804,0.052632,0,0.14,1e-05,2,1,1,9,2,2,2,2,1
0.68106,0.94054,0,0,0,0,1,2,2,14,8,1,2,1,1
0.3283,0.098214,0.15789,0,0.08,0.00025,1,1,1,14,8,2,2,2,1
0.25957,0.3675,0.014561,0,0.04,0,1,1,1,14,8,2,2,2,1
0.38768,0.046071,0.0087719,0,0.07,0,1,1,1,6,2,2,2,1,3
0.44356,0.10714,0,0,0.08,0.0002,2,2,2,5,4,2,2,2,1
0.34688,0.16071,0.035088,0,0.18,6e-05,2,1,1,10,1,2,2,1,1
0.26544,0.0625,0.08193,0,0.056,6e-05,1,2,2,1,1,2,2,1,1
0.22814,0.0075,0.004386,0,0.1,1e-05,2,1,1,13,1,2,2,2,1
0.25957,0.35714,0.014561,0,0.04,0.00042,2,1,1,2,1,2,2,2,1
0.22702,0,0.0087719,0,0.03,0,1,2,2,13,1,2,2,2,1
0.32132,0.026786,0.017544,0,0.16,0,1,1,1,7,1,1,2,1,3
0.29575,0.0089286,0.0087719,0,0.14,0.00204,1,2,2,1,2,2,2,2,1
0.24448,0.78571,0,0,0.225,1,1,3,3,14,9,2,2,1,2
0.26781,0,0,0,0.25,1e-05,1,2,2,7,3,2,2,1,3
0.51341,0.0044643,0.052632,0,0.116,0.00113,1,2,2,1,1,2,2,1,1
0.29687,0.053571,0.052632,0,0.075,8e-05,1,1,1,10,1,2,2,2,1
0.25258,0.013393,0.35088,0,0.15,0,2,3,3,3,8,2,2,1,3
0.47038,0.013393,0.013158,0,0.15,0.00044,2,1,1,3,1,2,2,2,1
0.67868,0.0073214,0.0087719,0.16418,0.19,0.02732,1,2,2,6,1,1,1,2,1
0.47038,0.044643,0.040877,0,0.06,0,1,1,1,10,1,2,2,2,1
0.41213,0.03875,0.035088,0,0.14,0.00013,2,2,2,11,1,2,2,2,1
0.42149,0.03875,0.0014035,0,0.085,0.00179,1,2,2,1,1,2,2,2,1
0.48659,0.089286,0.10526,0,0.1,0,1,2,2,10,1,2,2,2,3
0,0.14286,0.0029825,0,0.2055,0,1,2,2,4,1,2,2,1,1
0.46452,0.089286,0.087719,0,0,2e-05,2,2,2,1,1,2,2,1,1
0.47611,0.089286,0.035088,0,0.23,0.00016,1,1,1,1,1,2,2,2,1
0.35275,0.44643,0.035088,0,0.09,0.01062,2,1,1,2,1,2,2,1,1
0.48547,0.089286,0.017544,0,0.174,0,1,1,1,3,3,2,2,2,1
0.38656,0.026786,0.0057895,0,0.11,0.00251,1,1,1,9,2,2,2,1,1
0.66122,0.23214,0.035088,0,0,0.00228,1,1,1,1,1,2,2,1,1
0.48659,0.044643,0.017544,0,0.08,0,2,2,2,4,2,2,2,1,1
0.46452,0.10714,0.070175,0,0.09,0,2,2,2,13,1,2,2,2,1
0.39117,0.10714,0.026316,0,0.15,0.00067,1,1,1,10,1,2,2,1,1
0.54596,0.14286,0.10526,0,0.24,0,2,1,1,1,1,2,2,2,1
0.59723,0.14589,0.0014035,0,0.054,0.001,1,1,1,13,1,2,2,2,1
0.37608,0.080357,0.017544,0,0.32,0.04,1,1,1,4,3,2,2,1,1
0.4715,0.098214,0,0,0.09,0,1,1,1,4,3,2,2,2,1
0.54373,0.0625,0.017544,0,0.15,2e-05,1,1,1,6,1,2,2,1,1
0.87664,0.25,0,0,0,0.00012,1,1,1,12,6,2,2,2,1
0.37371,0.16071,0.087719,0,0.1,0.0121,1,2,2,1,3,2,2,2,1
