"","cont","cont.1","cont.2","cont.3","cont.4","cont.5","cont.6","disc","disc.1","disc.2","disc.3","disc.4","disc.5","disc.6","disc.7","disc.8","disc.9","disc.10","disc.11","disc.12"
"1",0.035714,0.056992,1,1,0.85714,0.33333,0,1,5,4,5,5,3,1,1,3,2,3,2,1
"2",0.78571,0.36218,0.33333,0.33333,0.053571,0,0,2,3,4,1,3,2,1,1,3,2,3,1,1
"3",0.14286,0.11615,0.33333,0.66667,0.53571,0,1,4,5,7,1,4,3,1,1,3,2,2,1,1
"4",0.67857,0.48542,0.33333,1,0.46429,0,1,1,3,3,1,4,3,3,2,3,3,3,1,1
"5",0.35714,0.29319,0.66667,1,0.60714,0.33333,1,1,4,1,1,3,3,1,4,3,3,3,1,1
"6",0.57143,0.56028,0.33333,1,0.28571,0,1,4,3,7,5,3,3,1,4,3,3,2,2,1
"7",0.35714,0.16332,0.66667,1,0.60714,0,0,4,3,3,3,5,3,1,2,3,2,3,1,1
"8",0.57143,0.42581,0.33333,0.33333,0.28571,0,0,2,3,2,1,3,3,1,3,3,1,4,2,1
"9",0.14286,0.17761,0.33333,1,0.75,0,0,4,3,4,4,4,1,1,1,3,2,2,1,1
"10",0.46429,0.31642,1,0.33333,0.16071,0.33333,0,2,5,1,1,1,4,1,3,3,2,4,1,1
"11",0.14286,0.065033,0.66667,0,0.10714,0,0,2,3,1,1,2,2,1,3,3,1,3,1,1
"12",0.78571,0.25732,0.66667,1,0.089286,0,0,1,3,10,1,2,2,1,2,3,1,3,1,1
"13",0.14286,0.082392,0,0,0.053571,0,0,2,3,4,1,3,2,1,3,3,2,3,2,1
"14",0.35714,0.058906,1,1,0.73214,0.33333,0,1,5,1,1,5,3,1,3,3,2,2,1,1
"15",0.19643,0.071925,0.33333,1,0.16071,0,0,1,3,1,1,3,2,1,3,3,1,3,1,1
"16",0.35714,0.064203,1,0.33333,0.23214,0,0,1,3,4,2,3,2,1,3,3,2,2,1,1
"17",0.35714,0.13709,1,1,0.60714,0.33333,0,4,5,4,5,5,3,1,2,3,2,3,1,1
"18",0.46429,0.49754,0.33333,0.66667,0.10714,0.66667,0,1,1,10,5,2,3,1,3,1,2,3,1,1
"19",0.35714,0.78518,1,0.33333,0.44643,0,0,2,3,2,1,5,2,1,4,3,3,4,2,1
"20",0.35714,0.20129,0.66667,0.33333,0.21429,0,1,4,3,4,3,5,3,1,3,3,2,3,2,1
"21",0.089286,0.11858,1,1,0.51786,0.66667,0,4,5,1,1,3,3,1,3,3,2,3,2,1
"22",0.035714,0.15132,0.33333,0.66667,0.44643,0,1,1,3,4,3,3,3,1,1,3,1,3,1,1
"23",0.10714,0.12541,0,0.66667,0.51786,0.33333,1,1,5,1,1,2,3,1,1,3,1,2,1,2
"24",0.14286,0.097517,0.66667,1,0.44643,0,0,2,5,2,2,2,3,1,2,3,2,3,1,1
"25",0.10714,0.11443,0.33333,0,0.125,0.33333,0,4,5,3,5,3,4,1,3,3,2,3,1,2
"26",0.035714,0.070075,0,0.33333,0.30357,0,0,1,3,3,1,3,3,1,1,1,2,2,2,1
"27",0.035714,0.009573,1,1,0.35714,0,0,4,1,4,1,5,4,1,3,3,2,2,1,1
"28",0.14286,0.0084881,0.66667,0.66667,0.41071,0.33333,0,3,2,4,4,3,2,1,1,3,1,3,1,1
"29",0.053571,0.13651,0.66667,0.33333,0.26786,0,0,2,3,4,1,3,3,3,1,3,2,3,1,1
"30",1,0.41866,0.66667,1,0.78571,0.33333,0,1,4,10,1,5,3,1,4,3,2,3,2,1
"31",0.25,0.10447,0.66667,0.66667,0.30357,0,0,2,3,10,4,2,4,1,1,1,2,3,2,1
"32",0.35714,0.23894,0.33333,0.33333,0.14286,0,0,1,3,3,1,3,3,1,3,2,2,3,1,1
"33",0.25,0.35676,0.33333,0.33333,0.19643,0.33333,0,2,3,1,2,3,3,1,3,3,2,3,2,1
"34",0.14286,0.063054,1,1,0.67857,0,0,4,5,10,5,5,3,1,4,3,1,2,1,1
"35",0.14286,0.076457,1,0,0.25,0,0,3,3,3,1,2,2,1,2,1,2,4,2,1
"36",0.73214,0.28528,1,0.33333,0.10714,0.33333,0,2,5,4,1,2,3,1,2,3,2,2,1,1
"37",0.78571,0.37233,0,0.66667,0.21429,0,0,4,5,7,1,3,3,1,4,1,3,3,2,1
"38",0.25,0.11641,1,0.33333,0.32143,0,0,3,3,4,1,3,3,2,1,2,2,3,1,1
"39",0.10714,0.060565,0.33333,0.33333,0.32143,0,0,3,3,5,1,3,3,1,3,3,2,3,2,1
"40",0.089286,0.011615,1,0.66667,0.089286,0,0,2,3,4,1,3,3,1,1,3,2,3,1,1
"41",0.46429,0.13128,1,0.33333,0.19643,0,0,4,3,4,3,5,3,1,3,1,2,4,1,1
"42",0.14286,0.056289,0.66667,0,0.125,0,0,2,3,4,3,3,1,1,3,3,2,3,2,1
"43",0.25,0.37833,0.33333,1,0.44643,0,1,2,4,6,1,3,3,1,1,3,2,2,2,1
"44",0.46429,0.37724,0,1,0.089286,0.33333,0,1,5,2,2,4,4,1,3,3,1,3,1,1
"45",0.78571,0.37443,1,1,0.69643,0.33333,0,1,5,2,1,5,2,1,4,2,3,2,1,1
"46",0.125,0.071287,1,1,0.28571,0.33333,0,4,5,1,1,2,2,1,3,3,2,4,1,1
"47",0.57143,0.12911,1,1,0.35714,0,0,4,3,4,3,5,3,1,3,3,2,3,1,1
"48",0.035714,0.068671,0,0.33333,0.071429,0,0,1,3,2,3,1,2,1,2,3,1,1,2,1
"49",0.125,0.44368,0,1,0.35714,0.33333,0,4,5,1,1,3,3,1,2,3,2,2,1,1
"50",0.14286,0.11469,1,0.33333,0.16071,0,0,4,3,4,2,3,2,2,1,3,2,3,1,1
"51",0.35714,0.13128,1,0.33333,0.17857,0,0,2,4,3,5,2,3,1,2,1,2,2,1,1
"52",0.41071,0.36307,0,0.33333,0.19643,0.33333,0,2,4,2,1,5,3,1,3,3,2,4,2,1
"53",0.14286,0.062927,0.66667,0.33333,0.10714,0,0,4,3,4,1,3,3,1,3,3,2,3,1,1
"54",0.25,0.19797,0.33333,0,0.21429,0,0,4,3,2,5,3,3,1,2,3,2,3,2,1
"55",0.57143,0.12439,1,1,0.67857,0.33333,0,2,4,1,1,5,3,1,4,1,3,3,2,1
"56",0.035714,0.032357,0,0.33333,0.125,0,1,4,2,1,5,3,3,3,1,2,2,2,1,1
"57",0.14286,0.39518,0.33333,0,0.58929,0,0,2,3,4,5,1,3,1,4,3,2,4,2,1
"58",0.57143,0.59289,0.33333,0.33333,0.21429,0.33333,0,4,5,4,1,3,2,1,3,2,2,3,1,1
"59",0.25,0.10754,0.66667,0.33333,0.071429,0,0,3,3,1,1,5,2,1,3,3,2,4,1,1
"60",0.57143,0.37992,1,1,0.071429,0.33333,0,1,5,3,1,2,2,2,4,3,1,2,2,1
"61",0.089286,0.07116,0.33333,0,0.14286,0,0,2,3,10,1,3,4,1,1,1,2,3,2,1
"62",0.19643,0.080477,1,1,0.55357,0.33333,0,2,5,4,5,5,3,3,1,3,2,3,2,1
"63",0.57143,0.10703,1,1,0.75,0,0,2,1,10,1,5,3,1,4,3,3,4,2,1
"64",0.78571,0.90274,0.33333,0.33333,0.10714,0,0,2,1,10,1,3,3,1,3,3,2,3,2,1
"65",0.35714,0.1854,1,1,0.125,0,0,4,3,4,1,2,2,1,2,3,2,3,2,1
"66",0.41071,0.31361,1,1,0.51786,1,1,4,3,6,5,5,3,1,2,3,2,3,2,1
"67",0.14286,0.12094,0.33333,0.33333,0.17857,0,0,4,3,4,1,2,2,1,3,1,2,3,1,1
"68",0.14286,0.046653,1,0,0.053571,0,0,2,3,1,4,3,4,1,1,3,2,3,1,1
"69",0.57143,0.098475,1,1,0.32143,0,0,4,3,7,1,3,3,1,4,2,3,3,2,1
"70",0.57143,0.13517,1,1,0.10714,0,0,4,3,4,5,3,2,1,3,3,2,3,1,1
"71",0.57143,0.50144,0,0.33333,0.19643,0,0,4,3,2,1,3,2,1,2,1,2,3,1,1
"72",0.053571,0.028974,1,0.33333,0.48214,0.33333,0,4,5,4,5,5,3,1,2,3,1,2,2,1
"73",0.071429,0.056672,0.66667,1,0.57143,0.33333,1,1,5,11,1,5,3,1,4,1,3,4,2,1
"74",0.67857,0.36237,0.33333,0,0.39286,0.33333,0,2,5,10,1,4,2,1,1,1,2,2,1,1
"75",0.57143,0.10856,1,1,0.375,0,0,1,3,7,5,5,3,1,4,3,2,4,2,1
"76",0.14286,0.079775,1,1,0.83929,0.33333,0,1,5,2,1,5,3,1,4,3,3,4,1,1
"77",0.67857,0.23543,1,0.66667,0.26786,0,0,1,3,4,1,2,3,1,3,3,2,3,1,1
"78",0.125,0.28687,0.33333,1,0.57143,0,0,2,4,4,1,4,3,1,2,3,2,3,1,1
"79",0.89286,0.58459,0.33333,0.33333,0.35714,0,1,4,1,2,5,3,3,1,2,3,2,2,1,1
"80",0.46429,0.22694,0.33333,0,0.053571,0,0,2,3,3,1,2,4,1,2,3,2,3,1,1
"81",0.35714,0.36167,0,0,0.44643,0.33333,0,4,3,4,5,2,2,1,3,3,2,3,2,1
"82",0.19643,0.0598,1,0.66667,0.5,0,0,4,3,4,3,5,3,1,2,2,2,3,2,1
"83",0.25,0.082456,0.66667,1,0.089286,0,0,4,3,10,2,3,2,1,2,3,1,2,1,1
"84",0.35714,0.09439,1,1,0.69643,0,0,1,3,11,1,5,2,3,1,3,2,2,2,1
"85",0.10714,0.13013,0.66667,1,0.58929,0,0,1,3,4,1,5,3,1,1,3,2,2,1,1
"86",0.14286,0.0725,1,0.33333,0.17857,0.33333,0,4,5,10,1,3,2,3,1,3,2,4,2,1
"87",0.25,0.065033,1,0,0.14286,0.33333,0,2,5,3,1,2,2,1,2,3,2,3,1,1
"88",0.57143,0.78729,0,1,0.5,0,1,2,3,7,2,3,3,1,4,3,3,3,2,1
"89",0.25,0.12592,1,0.66667,0.19643,0,1,1,3,1,2,4,3,1,3,3,2,4,2,1
"90",0.14286,0.053098,1,0.66667,0.16071,0.33333,0,1,1,6,1,4,3,1,1,3,2,3,1,1
"91",0.14286,0.021827,1,1,0.66071,0,0,4,5,4,1,5,3,1,1,3,2,3,1,1
"92",0.14286,0.072308,1,0.66667,0.625,0,0,1,5,2,1,5,3,1,1,3,2,3,1,1
"93",0.14286,0.03325,1,0.66667,0.25,0,1,4,5,4,5,5,2,1,2,1,2,2,1,1
"94",0.35714,0.21322,1,1,0.017857,0.33333,0,3,5,3,5,5,3,2,4,3,1,3,1,1
"95",0.14286,0.066501,1,1,0.625,0,0,2,3,1,4,5,3,1,1,3,2,3,2,1
"96",0.89286,1,0.66667,1,0.69643,0,0,2,1,10,1,2,3,1,4,3,1,3,2,1
"97",0.14286,0.11079,1,0.33333,0.75,0,0,4,5,7,5,4,2,1,3,3,2,3,1,1
"98",0.25,0.14972,1,1,0.26786,0,0,2,3,10,2,3,3,1,3,3,2,3,1,1
"99",0.57143,0.13153,1,1,0.30357,0,0,2,5,4,1,5,3,1,1,3,2,3,1,1
"100",0.28571,0.43277,0.66667,1,0.30357,0.33333,1,2,4,2,5,4,3,1,2,1,1,4,2,1
"101",0.35714,0.076138,1,1,0.39286,0,0,4,3,1,2,5,4,1,1,3,1,2,1,1
"102",0.57143,0.13064,1,1,0.089286,0,0,2,3,4,1,4,3,1,3,3,1,3,1,1
"103",0.035714,0.041866,0.66667,0.33333,0.089286,0,0,4,4,4,1,3,2,1,1,3,2,3,1,1
"104",0.089286,0.10486,1,0.66667,0.28571,0,0,2,5,3,1,4,3,1,3,3,1,3,2,1
"105",0.14286,0.13843,0.33333,1,0.125,0,0,4,3,2,5,2,4,1,3,3,1,3,2,1
"106",0.35714,0.74427,0.33333,0.66667,0.35714,0.33333,1,2,5,11,1,3,3,2,3,3,2,4,2,1
"107",0.25,0.39454,0.33333,1,0.35714,0.33333,1,4,2,1,1,5,3,1,4,1,2,4,2,1
"108",0.14286,0.37029,0.33333,0.33333,0.23214,0,0,2,3,1,1,4,3,1,3,3,2,3,1,1
"109",0.35714,0.47514,0,0.33333,0.19643,0,0,1,3,3,5,2,2,1,2,3,2,3,2,2
"110",0.17857,0.072372,0,0.33333,0.28571,0,0,2,3,10,3,5,4,1,1,3,2,3,2,1
"111",0.035714,0.074861,0,0.33333,0.21429,0.33333,1,2,4,10,2,5,1,1,3,1,2,3,1,1
"112",0.19643,0.0074032,1,1,0.071429,0,0,3,3,7,1,2,2,1,2,3,1,3,2,1
"113",0.25,0.3819,0.66667,0.66667,0.16071,0,0,2,3,1,1,4,3,1,1,3,1,2,1,1
"114",0.57143,0.48369,1,0.33333,0.10714,0.33333,0,4,5,1,1,3,2,1,1,2,2,3,2,1
"115",0.14286,0.089604,0.66667,0,0.28571,0,0,1,3,4,3,5,4,1,1,3,2,3,1,1
"116",0.78571,0.21073,1,0,0.5,0,0,4,5,4,5,5,3,1,1,3,2,3,2,1
"117",0.67857,0.44023,1,0.66667,0.19643,0,0,1,3,4,5,4,2,1,3,3,2,4,2,1
"118",0.10714,0.11845,0.33333,0.66667,0.14286,0.33333,0,1,5,3,5,2,2,2,1,3,1,3,1,2
"119",0.51786,0.2556,0,1,0.071429,0.33333,0,1,5,3,3,3,2,1,3,3,2,3,1,1
"120",0.14286,0.13338,0.66667,0.66667,0.30357,0,0,2,5,1,3,4,1,1,3,3,2,4,2,1
"121",0.30357,0.099496,0.66667,0.33333,0.10714,0.33333,0,1,3,4,1,3,2,1,1,3,2,3,2,1
"122",0.35714,0.22924,1,0.33333,0.39286,0.33333,0,4,5,2,1,5,2,1,3,3,1,4,2,1
"123",0.14286,0.09522,0.66667,0.33333,0.089286,0,0,4,3,3,1,3,3,1,1,3,1,2,1,1
"124",0.10714,0.032229,1,1,0.78571,0.33333,0,3,5,1,1,5,3,1,4,3,3,3,2,1
"125",0.25,0.10518,1,0.66667,0.14286,0,0,2,3,3,5,2,2,1,1,3,1,3,1,1
"126",0.14286,0.11775,1,0.33333,0.19643,0.33333,0,1,5,1,1,3,3,1,2,3,2,3,1,1
"127",0.14286,0.027124,1,0.33333,0.375,0,0,1,3,4,1,3,4,1,1,3,2,2,1,1
"128",0.14286,0.023167,1,0.33333,0.19643,0,0,2,3,6,1,3,3,1,3,3,2,3,1,1
"129",0.14286,0.10109,1,0.33333,0.26786,0.33333,0,2,5,2,1,1,3,1,3,3,2,4,2,1
"130",0.14286,0.20569,0.66667,0.33333,0.17857,0.33333,0,1,5,1,1,3,2,2,1,3,2,3,1,1
"131",0.78571,0.52403,0,0.33333,0.089286,0,0,2,3,1,5,4,2,1,3,3,2,3,1,1
"132",0.57143,0.42192,1,0.66667,0.17857,0,0,1,4,7,1,3,3,1,2,2,2,3,2,1
"133",0.19643,0.15521,0.33333,0.66667,0.14286,0.33333,0,4,3,3,1,2,3,1,2,1,2,2,1,1
"134",0.25,0.10901,1,1,0.5,0.33333,0,4,3,3,1,3,3,1,4,1,3,3,1,1
"135",1,0.62978,0.33333,1,0.035714,0,0,4,3,4,2,4,2,1,1,3,2,3,2,1
"136",0.14286,0.061523,1,0.33333,0.33929,0.33333,0,4,5,4,5,5,2,1,1,3,2,3,2,1
"137",0.41071,0.53207,0.33333,0.33333,0.14286,0.33333,0,4,4,2,4,3,3,1,3,3,2,3,1,1
"138",0.14286,0.031272,1,0.66667,0.83929,0,0,2,3,4,3,3,3,1,1,3,2,2,1,1
"139",0.19643,0.15649,1,0.33333,0.28571,0.66667,0,2,5,4,5,4,3,3,1,1,2,3,2,1
"140",0.14286,0.10243,0.33333,0.33333,0.44643,0,0,3,3,4,1,3,2,1,3,3,1,2,2,1
"141",0.035714,0.027634,0.33333,0.33333,0.14286,0,0,3,3,1,4,2,4,1,1,3,2,1,1,2
"142",0.57143,0.2884,1,0,0.19643,0,0,2,3,4,1,2,2,1,4,3,2,4,2,1
"143",0.41071,0.2004,0.66667,0.33333,0.14286,0,0,1,3,4,1,3,3,1,3,3,2,4,1,1
"144",0.25,0.13951,0.33333,0.33333,0.053571,0,0,1,3,3,1,3,3,1,3,3,2,3,1,1
"145",0.30357,0.12841,1,1,0.071429,0,0,4,5,3,1,2,2,1,2,3,2,3,2,1
"146",0.78571,0.20997,1,0.33333,0.19643,0,0,2,2,10,2,4,3,1,3,3,2,3,1,1
"147",0.035714,0.037271,0,1,0.35714,0.33333,0,1,5,1,1,5,2,1,4,3,2,3,2,1
"148",0.14286,0.025911,1,0.66667,0.57143,0.33333,0,4,5,1,2,4,2,1,3,3,2,3,2,1
"149",0.57143,0.32516,0.66667,0.33333,0.16071,0.33333,0,1,5,3,1,3,3,3,2,3,2,3,1,1
"150",0.25,0.083349,1,1,0.48214,0.33333,0,4,5,4,4,5,3,1,3,3,2,3,1,1
"151",0.035714,0.068288,0.33333,1,0.41071,0,1,4,3,4,2,5,3,1,4,1,3,3,2,1
"152",0.10714,0.10518,0,1,0.33929,0,0,4,3,4,1,3,3,1,2,3,2,3,2,2
"153",0.57143,0.35561,1,0,0.089286,0,0,3,3,4,1,3,3,1,3,3,2,3,1,1
"154",0.35714,0.4775,0.33333,1,0.17857,0,0,2,5,2,4,5,2,1,4,3,1,3,1,1
"155",0.35714,0.42702,1,1,0.30357,0,0,2,4,10,2,4,3,1,3,3,1,4,2,1
"156",0.14286,0.064203,0.33333,1,0.017857,0,0,1,3,3,1,3,2,1,3,3,1,3,1,1
"157",0.089286,0.064586,0.66667,1,0.51786,0.33333,1,1,5,6,2,5,3,3,1,3,2,3,1,2
"158",0.14286,0.0040207,1,0,0.46429,0,0,1,2,9,1,5,4,1,3,1,2,2,1,1
"159",0.35714,0.20652,0.33333,0.66667,0.33929,0.33333,0,2,3,1,2,4,3,1,3,1,2,3,2,1
"160",0.035714,0.10352,0,0.33333,0.26786,0.33333,1,4,5,4,5,3,3,1,1,3,2,2,1,1
"161",0.35714,0.16568,0.66667,1,0.30357,0,1,4,5,4,2,5,3,1,1,3,2,3,2,1
"162",0.25,0.049716,1,0,0.19643,0.33333,0,4,5,1,1,2,2,1,2,3,2,3,1,1
"163",0.19643,0.062927,1,0.66667,0.30357,0.33333,0,4,3,5,3,4,3,1,2,3,2,3,2,1
"164",0.10714,0.44878,0.33333,1,0.91071,0,0,2,3,1,1,1,3,1,4,1,3,4,2,1
"165",0.57143,0.040398,1,1,0.30357,0,0,4,3,1,3,5,3,1,2,3,2,3,1,1
"166",0.035714,0.17244,0,0.33333,0.23214,0,0,4,3,3,3,3,3,1,3,3,2,3,2,1
"167",0.25,0.054566,1,0.33333,0.25,0,0,1,3,3,1,1,2,1,3,3,2,3,1,1
"168",0.125,0.08303,1,0,0.017857,0,0,2,3,3,4,2,2,1,1,3,2,3,1,1
"169",0.35714,0.23588,0.33333,1,0.10714,0,0,4,3,3,1,4,2,1,2,3,1,3,2,1
"170",0.35714,0.10588,1,1,0.21429,0.33333,0,2,5,10,1,5,1,1,1,3,2,3,2,1
"171",0.19643,0.043015,1,0.66667,0.25,0.33333,1,1,1,1,1,5,3,1,3,3,1,3,1,1
"172",0.14286,0.03108,1,0,0.125,0,0,4,3,3,1,3,2,1,1,3,2,3,2,1
"173",0.35714,0.11411,0.66667,0.33333,0.26786,0,0,2,4,3,1,1,2,1,2,3,2,4,2,1
"174",0.071429,0.072627,1,0.33333,0.25,0,0,2,3,4,1,3,3,3,1,3,2,3,1,2
"175",0.30357,0.20027,0.33333,0,0.125,0.33333,0,1,4,7,1,2,3,1,2,3,2,3,1,1
"176",0.46429,0.46008,1,0,0.60714,0,0,4,2,2,5,1,2,1,1,1,2,4,2,1
"177",0.14286,0.14685,0.33333,0,0.41071,0,0,1,3,3,1,3,1,1,3,3,2,3,1,1
"178",0.035714,0.0039569,1,1,0.58929,0.33333,0,1,5,4,3,5,3,1,3,3,2,3,1,1
"179",0.14286,0.10766,1,0.33333,0.21429,0.33333,1,4,3,4,1,4,3,1,3,3,1,4,2,1
"180",0.30357,0.018827,1,1,0.82143,0.33333,0,1,5,1,1,5,3,1,1,3,2,3,1,1
"181",0.57143,0.59327,0,0,0.16071,0.33333,0,4,4,10,1,2,1,1,3,3,2,3,1,1
"182",0.57143,0.2667,0.33333,0.33333,0.19643,0.33333,0,2,4,10,1,3,1,1,1,2,2,4,2,1
"183",0.30357,0.087498,1,0.33333,0.375,0.33333,1,1,2,1,5,3,3,1,2,3,2,2,1,1
"184",0.35714,0.22343,1,1,0.55357,0,0,4,5,3,4,3,3,1,1,3,2,3,2,1
"185",0.25,0.038803,1,1,0.30357,0,1,2,5,1,1,5,3,1,3,1,2,3,2,1
"186",0.19643,0.069181,1,0.33333,0.21429,0.33333,0,4,5,4,1,3,3,1,2,3,2,3,1,1
"187",0.089286,0.30972,0.33333,1,0.98214,0,1,2,2,2,1,5,2,1,4,1,3,4,2,1
"188",0.21429,0.057374,0.33333,0.66667,0.875,0.66667,0,2,5,1,1,1,3,1,3,3,3,1,2,1
"189",0.14286,0.0254,1,0,0.017857,0,0,1,3,4,2,4,4,1,2,3,2,3,1,1
"190",0.25,0.18942,0,1,0.25,0.33333,0,2,1,3,1,3,2,1,3,1,2,3,2,1
"191",0.35714,0.27538,0.33333,0.66667,0.625,0.66667,0,4,3,10,4,3,3,1,2,3,2,4,2,1
"192",0.78571,0.22771,1,1,0.26786,0,1,2,1,10,2,4,3,1,4,3,3,2,1,1
"193",0.41071,0.23224,1,0.33333,0.30357,0,1,2,3,10,1,3,3,1,3,3,2,3,2,1
"194",0.035714,0.11692,0.33333,0.33333,0.17857,0,0,4,3,4,1,4,4,1,1,3,1,3,1,1
"195",0.73214,0.17582,1,1,0.035714,0,0,2,3,4,2,3,3,3,2,3,1,3,1,1
"196",0.089286,0.07818,0.33333,0.66667,0.26786,0.33333,0,2,5,7,1,5,2,1,3,3,2,4,2,1
"197",0.035714,0.070585,0,0,0.16071,0.33333,0,4,5,4,1,3,2,1,3,3,2,3,2,1
"198",0.14286,0.043079,1,1,0.14286,1,0,2,3,3,2,2,2,1,3,1,1,3,1,1
"199",0.35714,0.15853,1,1,0.30357,0,0,2,3,2,5,5,3,1,4,1,3,3,2,1
"200",0.25,0.25662,1,0.66667,0.375,0,0,2,4,3,1,5,1,1,4,3,2,4,2,1
"201",0.089286,0.042121,1,0.33333,0.58929,0.33333,0,4,5,7,3,5,3,1,3,3,2,3,2,1
"202",0.14286,0.056928,1,0.66667,0.14286,0,0,1,3,1,1,3,4,1,1,3,2,2,1,1
"203",0.41071,0.30895,0.66667,1,0.125,0.33333,0,4,4,10,1,4,3,1,3,3,2,3,1,1
"204",0.14286,0.039951,1,1,0.035714,0,0,1,3,9,1,4,4,1,2,3,1,3,1,1
"205",0.14286,0.077797,1,0,0.33929,0.33333,1,4,5,1,1,5,3,1,1,3,2,2,1,1
"206",0.46429,0.66035,0.66667,1,0.33929,0.66667,1,1,5,2,1,5,3,1,4,3,3,4,2,1
"207",0.14286,0.10588,1,1,0.42857,0.66667,0,4,5,3,1,5,3,1,1,3,2,3,2,1
"208",0.14286,0.073266,1,0.66667,0.125,0,0,2,5,5,1,4,3,1,2,3,2,3,1,1
"209",0.35714,0.40156,0.33333,0.33333,0.035714,0,0,1,3,10,1,3,4,1,3,2,2,2,1,1
"210",0.14286,0.072564,0.66667,0.33333,0.64286,0,0,4,3,2,4,4,3,1,2,3,2,3,1,2
"211",0.089286,0.17857,0,0.33333,0.25,0.33333,1,4,5,4,5,3,3,1,1,3,2,3,1,1
"212",0.57143,0.22714,0.33333,1,0.46429,0,0,4,3,4,5,5,2,1,1,3,2,2,2,1
"213",0.41071,0.32019,0.33333,1,0.55357,0.33333,0,1,1,10,1,1,3,1,2,2,2,3,2,1
"214",0.46429,0.10415,1,1,0.83929,0,0,3,4,10,1,5,3,1,1,3,2,4,2,1
"215",0.57143,0.19567,1,0.33333,0.57143,0,0,4,5,4,5,5,3,1,3,3,2,3,2,1
"216",0.035714,0.041866,0,0.66667,0.35714,0.33333,0,2,5,9,5,4,2,1,2,3,2,2,1,1
"217",0.25,0.18048,0.66667,0,0.21429,0,0,1,1,10,1,4,3,1,2,1,2,3,2,1
"218",0.57143,0.23211,0.33333,0.33333,0.071429,0,0,3,3,4,1,3,3,1,1,3,2,3,2,1
"219",0.35714,0.17519,0.33333,0.33333,0.089286,0,0,1,3,3,1,3,1,1,1,3,1,2,1,1
"220",0.10714,0.069436,0.33333,1,0.80357,0,0,4,3,1,1,3,2,1,3,3,2,3,2,1
"221",0.14286,0.022273,1,0,0.125,0,0,2,3,4,1,2,4,3,1,1,2,2,1,1
"222",0.14286,0.05897,1,1,0.071429,0,0,1,3,7,5,3,2,1,2,1,1,3,2,1
"223",0.14286,0.027507,1,0.33333,0.19643,0.33333,0,4,3,4,1,3,3,1,1,1,2,3,1,1
"224",0.35714,0.17244,1,1,0.23214,0.33333,1,4,4,10,5,3,3,1,1,3,2,3,2,1
"225",0.19643,0.2796,0.66667,0.33333,0.19643,0,0,4,3,2,1,3,3,1,3,3,2,3,2,1
"226",0.57143,0.14915,1,0.33333,0.14286,0.33333,0,4,1,6,1,3,3,1,3,3,2,3,1,1
"227",0.78571,0.68192,0,0.33333,0.14286,0.33333,0,2,3,4,4,4,3,2,4,1,2,3,2,1
"228",0.14286,0.48433,1,1,0.60714,0,0,1,3,3,1,5,3,1,4,3,3,4,2,1
"229",0.089286,0.076712,1,0.33333,0.053571,0,0,4,3,4,1,4,3,1,3,3,2,3,1,1
"230",0.35714,0.18336,1,0,0.053571,0,0,1,3,3,1,2,3,1,4,1,3,3,1,1
"231",0.57143,0.25107,1,0.33333,0.125,0,0,3,3,4,1,3,3,1,3,3,2,3,1,1
"232",0.089286,0.14238,0.33333,1,0.57143,0,0,4,3,1,3,5,3,1,4,3,3,2,1,1
"233",0.14286,0.11902,0.66667,0,0.28571,0,0,4,3,4,2,4,3,1,4,3,2,3,1,1
"234",0.25,0.037654,1,0.33333,0.10714,0,0,2,3,4,1,3,4,3,1,3,2,2,1,1
"235",0,0.080924,0.33333,0,0.41071,0.66667,1,4,5,4,1,4,3,1,1,3,2,2,1,1
"236",0.35714,0.09873,1,0.33333,0.19643,0,1,1,3,4,1,1,3,1,3,2,2,4,1,1
"237",0.035714,0.91129,0,0.33333,0.071429,0,0,2,3,1,5,1,3,1,2,3,2,1,2,1
"238",0.30357,0.15898,1,0.33333,0.75,0.33333,0,2,3,10,2,5,1,1,3,1,1,2,1,1
"239",0.14286,0.064778,1,0.33333,0.28571,0.33333,0,4,5,4,1,3,2,1,2,3,2,3,1,1
"240",0.46429,0.14334,0,0.66667,0.35714,0,1,1,3,4,1,5,3,3,2,3,2,3,1,1
"241",0.35714,0.040781,1,0.33333,0.17857,0,0,1,3,1,5,5,2,1,3,1,2,3,1,1
"242",0.035714,0.084179,0.66667,0.33333,0.57143,0,1,4,3,4,1,4,3,1,2,3,2,3,1,1
"243",0.78571,0.27628,0.66667,1,0.089286,0.33333,1,1,1,2,1,5,3,1,4,3,3,3,1,1
"244",0.14286,0.058013,0.66667,0.33333,0.14286,0.33333,0,4,5,10,1,3,2,1,1,3,2,3,1,1
"245",0.14286,0.20237,1,0.66667,0.28571,0,1,4,2,9,3,3,2,1,1,3,2,2,1,1
"246",0.35714,0.062672,1,0,0.10714,0,0,4,3,10,1,4,3,1,1,3,2,3,2,1
"247",0.14286,0.028145,1,1,0.58929,0.66667,0,4,5,4,1,5,3,1,1,3,2,3,1,1
"248",0.035714,0.059225,1,0,0.28571,0,0,4,1,1,2,3,3,1,4,1,1,3,1,2
"249",0.35714,0.10524,0.33333,0.33333,0.125,0,0,3,3,3,1,3,3,1,1,3,2,3,1,1
"250",0.25,0.01002,0.66667,1,0.053571,0,0,4,3,4,1,1,2,2,1,3,1,3,1,1
"251",0.035714,0.02489,0.66667,1,0.35714,0.33333,0,1,5,1,4,4,2,1,1,3,2,2,2,1
"252",0.14286,0.12605,0,0.33333,0.48214,0,0,3,3,3,1,3,2,1,3,3,2,2,1,1
"253",0.46429,0.1196,1,0.33333,0.089286,0,0,2,3,1,1,3,2,3,4,1,2,3,1,1
"254",0.35714,0.2473,0.33333,0.66667,0.28571,0.33333,0,4,4,3,2,3,3,1,2,3,2,3,1,1
"255",0.089286,0.11194,0.33333,0,0.089286,0,0,2,3,3,5,4,3,1,3,3,2,3,2,1
"256",1,0.4558,0,0,0.14286,0,0,2,4,4,5,3,3,1,1,3,2,2,1,1
"257",0.35714,0.15368,1,0.33333,0.28571,0.33333,0,4,5,4,1,3,3,1,1,3,2,2,1,1
"258",0.14286,0.11954,1,0,0.17857,0,0,1,2,4,1,3,1,1,4,3,3,3,1,1
"259",0.19643,0.22567,0,1,0.071429,0,0,4,3,2,2,2,2,1,3,3,2,3,2,1
"260",0.125,0.056034,1,1,0.67857,0.66667,0,4,5,4,2,1,2,1,1,3,2,2,1,1
"261",0.14286,0.088136,0.33333,0.33333,0.14286,0,0,1,3,3,1,3,3,1,1,3,2,3,1,1
"262",0.35714,0.08469,1,1,0.64286,0,0,1,3,4,1,5,2,1,3,3,2,3,1,1
"263",0.25,0.32076,0.33333,1,0.30357,0.66667,0,1,5,1,1,5,3,1,4,3,3,4,2,1
"264",0.14286,0.15776,0.33333,1,0.67857,0.66667,0,4,5,7,1,5,2,1,4,1,3,2,1,1
"265",0.10714,0.060948,0.66667,1,0.23214,0.33333,1,4,5,1,1,5,3,1,1,3,2,2,1,2
"266",0.19643,0.033569,1,0.66667,0.32143,0,1,2,3,4,1,5,3,1,3,3,2,3,1,1
"267",0.57143,0.38471,1,1,0.30357,0.33333,0,4,5,10,5,5,3,1,1,3,2,3,1,1
"268",0.35714,0.080222,1,0.66667,0.33929,0,0,4,3,4,1,2,2,1,3,2,2,3,2,1
"269",0.17857,0.55536,0,1,0.46429,0,0,1,3,1,1,5,1,1,2,3,2,4,2,2
"270",0.35714,0.046142,1,0.33333,0.10714,0.33333,0,4,3,4,5,5,3,1,3,3,2,3,1,1
"271",0.25,0.15228,1,0.66667,0.23214,0,0,4,3,1,5,4,3,1,2,3,2,3,1,2
"272",0.14286,0.071862,0.66667,1,0.32143,0,0,4,5,3,3,4,2,1,3,3,1,3,2,1
"273",0.78571,0.75901,1,1,0.30357,0,0,2,2,1,5,1,3,2,4,3,3,4,2,1
"274",0.78571,0.17768,1,1,0.16071,0.33333,0,2,3,4,1,4,3,1,1,3,2,3,1,1
"275",0.46429,0.7481,0,0,0.26786,0,0,1,3,6,1,2,1,1,4,3,2,2,2,1
"276",0.089286,0.15451,0,0.33333,0.23214,0,1,4,3,4,1,3,3,1,1,3,2,3,1,1
"277",0.25,0.13581,0.33333,0.33333,0.125,0.33333,0,4,5,4,1,3,2,1,3,3,2,3,1,1
"278",0.14286,0.062927,0.33333,1,0.53571,0,0,1,3,3,5,5,1,1,2,3,2,2,2,1
"279",0.035714,0.27666,0,1,0.23214,0,0,4,3,3,1,2,2,1,2,3,2,3,1,1
"280",0.35714,0.10371,1,1,0.17857,0,0,4,3,4,2,3,3,1,3,3,1,4,2,1
"281",0.19643,0.19733,0.66667,1,0.071429,0.33333,0,4,5,2,4,5,3,1,4,3,1,3,2,1
"282",0.14286,0.082839,1,0.33333,0.55357,0,0,4,3,3,1,3,3,1,1,3,2,3,1,1
"283",0.25,0.074606,1,1,0.53571,0,0,3,2,4,5,4,3,1,3,1,2,2,1,1
"284",0.19643,0.079392,1,1,0.78571,0,0,4,5,3,5,5,3,1,2,3,2,3,1,1
"285",0.35714,0.22988,1,0.33333,0.32143,0,0,2,5,1,2,2,1,1,3,3,2,3,2,1
"286",0.76786,0.66667,0,0,0.28571,0,0,1,3,1,1,2,2,1,1,3,2,2,2,1
"287",0.78571,0.28796,1,0.66667,0.125,0,1,1,3,2,1,4,3,1,2,3,2,3,1,1
"288",0.78571,0.46627,0.33333,1,0.21429,0,0,2,4,11,2,1,3,1,4,3,3,4,2,1
"289",0.14286,0.052077,1,1,0.53571,0.33333,0,2,3,4,1,3,2,3,1,3,2,3,2,1
"290",0.35714,0.047738,1,1,0.51786,0,0,1,4,4,1,2,4,1,1,2,2,3,1,1
"291",0.14286,0.051056,0.33333,0.33333,0.125,0,0,4,3,10,1,3,4,1,1,3,2,3,2,2
"292",0.57143,0.58217,0,1,0.16071,0,0,2,3,2,1,2,4,1,3,3,1,4,2,1
"293",0.35714,0.39205,0.33333,1,0.44643,0.33333,1,1,5,2,1,5,2,1,4,3,3,4,2,1
"294",0.67857,0.28847,1,1,0.66071,0,0,3,5,2,1,5,3,1,4,3,3,3,1,1
"295",0.78571,0.46927,1,0.33333,0.48214,0.33333,1,4,5,10,5,5,1,1,3,1,2,4,1,1
"296",0.78571,0.61804,0,0.33333,0.125,0,0,2,3,3,1,2,2,1,3,3,2,3,2,1
"297",0.14286,0.28075,0,1,0.017857,0,0,4,3,2,5,2,2,1,3,3,1,3,1,1
"298",0.10714,0.064522,1,0.33333,0.46429,0,0,4,3,1,5,5,3,2,2,3,2,2,1,2
"299",0.25,0.14289,0.66667,1,0.42857,0,0,4,3,3,1,3,3,1,1,3,2,3,2,1
"300",0.30357,0.15757,0.66667,0.33333,0.23214,0.33333,0,2,5,3,4,4,3,1,3,3,2,3,2,1
"301",0.035714,0.025273,0,1,0.625,0,0,4,3,1,1,1,2,1,1,3,2,1,2,1
"302",0.57143,0.22516,1,0,0.41071,0,0,2,1,4,1,3,2,1,3,3,2,3,2,1
"303",0.35714,0.06816,1,0.33333,0.32143,0.33333,1,3,5,1,5,4,3,1,1,1,2,2,1,1
"304",0.10714,0.048631,1,0.66667,0.53571,0.33333,0,1,5,1,1,4,3,2,2,3,2,3,2,1
"305",0.78571,0.62869,0.33333,0.33333,0.44643,0,0,4,5,1,3,3,3,1,4,1,3,3,1,1
"306",0.035714,0.08086,1,0.33333,0.25,0,0,4,3,3,4,3,1,1,1,3,2,3,1,1
"307",0.46429,0.28942,0.33333,1,0.089286,0,0,4,3,2,5,4,2,1,2,2,1,2,1,1
"308",0.14286,0.028783,1,0.66667,0.25,0,0,1,3,4,2,2,4,1,4,3,2,2,2,1
"309",0.071429,0.061331,0.66667,1,0.089286,0,0,2,3,3,1,3,2,1,1,3,2,3,1,1
"310",0.089286,0,1,1,0.053571,0,0,2,3,1,1,3,4,1,1,3,1,2,1,1
"311",0.78571,0.3258,0.66667,1,0.375,0,0,2,3,11,5,1,3,1,4,1,3,1,2,1
"312",0.35714,0.3341,1,0,0.10714,0,0,4,3,3,2,3,3,1,3,2,2,3,1,1
"313",0.35714,0.22165,0.33333,1,0.125,0,0,3,3,3,1,2,2,1,3,3,2,3,1,1
"314",0.14286,0.026102,0.33333,0.66667,0.10714,0,0,2,3,1,1,4,4,1,3,1,2,2,1,1
"315",0,0.077733,0,0.33333,0.17857,0,1,3,3,1,5,2,3,1,1,3,2,2,1,2
"316",0.57143,0.15764,1,1,0.21429,0,0,1,2,3,1,5,3,1,3,1,2,3,1,1
"317",0.14286,0.02757,0.33333,0.66667,0.33929,0,1,1,3,3,1,3,3,3,2,3,2,2,1,1
"318",0.35714,0.26007,0,1,0.51786,0,0,2,3,3,5,3,2,1,2,3,2,2,2,1
"319",0.14286,0.027124,1,0.33333,0.23214,0.33333,0,4,5,7,1,3,3,1,3,3,2,3,1,1
"320",0.19643,0.21488,0,1,0.14286,0.33333,0,1,4,3,1,5,2,1,2,3,2,2,1,1
"321",0.46429,0.25356,1,0.33333,0.16071,0.33333,0,2,5,1,1,1,4,1,3,3,2,4,1,1
"322",0.35714,0.10607,1,0.66667,0.23214,0,0,1,3,4,1,2,1,1,2,3,2,3,1,1
"323",0.35714,0.1681,0.33333,0,0.26786,0,0,1,3,2,1,4,3,1,4,3,3,4,2,1
"324",0.25,0.15208,1,0.33333,0.16071,0,0,1,3,3,4,3,3,1,3,3,2,3,1,1
"325",0.25,0.047993,1,0.66667,0.30357,0.33333,0,4,5,1,1,3,2,1,1,3,2,3,1,1
"326",0.071429,0.19925,0,1,0.35714,0.33333,0,1,5,1,1,4,3,1,1,3,2,2,1,2
"327",0.14286,0.35261,0.33333,1,0.53571,0,0,4,5,3,5,5,3,1,2,3,1,3,2,1
"328",0.35714,0.079712,1,0.66667,0.26786,0,1,4,3,1,4,4,2,1,3,3,2,3,2,1
"329",0.57143,0.26785,1,0.33333,0.21429,0,0,3,3,4,1,5,3,1,3,3,2,3,1,1
"330",0.035714,0.050546,1,1,0.16071,0,1,2,3,4,1,5,3,1,3,3,2,3,1,1
"331",0.35714,0.40456,0.33333,1,1,0.33333,0,1,5,2,1,1,3,1,4,3,3,4,2,1
"332",0.25,0.10135,1,0.33333,0.19643,0.33333,0,4,5,7,2,3,2,1,1,3,2,3,1,1
"333",1,0.45517,1,0.33333,0.089286,0,0,2,3,1,2,2,2,1,2,3,2,4,1,1
"334",0.78571,0.72206,0.33333,1,0.089286,0.33333,0,4,5,2,2,3,2,1,3,1,1,2,1,1
"335",0.35714,0.24469,0.66667,1,0.071429,0.33333,1,1,1,3,1,5,3,1,4,1,1,3,1,1
"336",0.035714,0.19835,0,1,0.44643,0,0,1,5,3,1,3,1,1,1,3,1,4,2,1
"337",0.16071,0.11647,0.33333,1,0.071429,0,0,2,3,4,1,2,2,3,2,3,2,2,1,1
"338",0.19643,0.063756,1,0.33333,0.089286,0,0,1,3,5,5,3,2,1,3,3,1,3,1,1
"339",0.35714,0.24845,1,1,0.16071,0,0,1,3,3,1,3,3,1,2,3,2,3,1,1
"340",0.10714,0.079456,1,0.33333,0.21429,0,0,2,3,3,1,3,1,1,3,3,2,2,1,1
"341",0.35714,0.34891,0.33333,1,0.089286,0.33333,0,2,5,7,1,2,2,1,4,3,3,3,2,1
"342",0.30357,0.21207,0,1,0.125,0,0,1,3,3,1,4,2,1,3,3,1,2,1,1
"343",0.25,0.18744,0,0.66667,0.10714,0,0,2,3,4,3,2,4,1,1,3,1,3,1,1
"344",0.25,0.26568,0,0,0.25,0,0,2,3,10,1,5,3,2,1,1,2,4,2,1
"345",0.10714,0.23441,0,0,0.32143,0,1,3,3,1,1,2,3,3,2,3,2,2,1,1
"346",0.19643,0.075499,1,0.33333,0.42857,0,0,4,5,4,1,3,2,1,3,3,2,2,1,1
"347",0.16071,0.038675,1,1,0.071429,0.33333,0,2,5,4,1,2,3,3,1,3,2,3,1,1
"348",0.35714,0.22222,0,1,0.071429,0,0,2,3,4,3,1,2,1,4,3,1,1,1,1
"349",0.035714,0.093624,0,0.33333,0.26786,0.33333,0,4,4,10,2,3,3,1,1,3,2,2,1,1
"350",0.089286,0.054885,1,0.66667,0.23214,0.33333,1,2,5,7,4,5,3,1,4,3,3,3,1,1
"351",0.089286,0.061267,0,1,0.071429,0,0,4,3,5,1,2,2,1,1,3,1,3,2,1
"352",0.089286,0.043589,0,0.33333,0.17857,0,0,2,3,3,1,3,2,1,3,3,2,3,1,2
"353",0.25,0.18846,0.33333,1,0.33929,0,0,4,5,2,5,1,3,1,4,3,2,4,2,1
"354",0.14286,0.37801,1,0.33333,0.16071,0.33333,0,1,1,4,1,3,3,1,2,3,1,3,2,1
"355",0.10714,0.028783,1,1,0.48214,0,0,4,3,7,3,5,3,1,4,3,3,3,2,1
"356",0.35714,0.061906,1,0.33333,0.071429,0,0,2,3,1,1,2,3,1,1,2,2,2,1,1
"357",0.14286,0.13115,0,1,0.53571,0,0,4,5,4,5,5,3,2,1,3,2,3,2,1
"358",0.57143,0.26722,1,0.33333,0.125,0.33333,0,4,4,4,1,3,3,1,3,3,2,4,2,1
"359",0.14286,0.03191,1,0.33333,0.16071,0,0,4,3,4,1,3,4,1,1,3,2,3,1,1
"360",0.46429,0.13594,1,1,0.071429,0,0,1,3,3,1,4,2,1,1,3,1,3,1,1
"361",0.25,0.061459,1,1,0.75,0,0,2,3,7,5,3,3,1,4,3,3,3,1,1
"362",0.14286,0.19931,0.33333,0.66667,0.32143,0,0,3,3,4,5,5,3,1,3,3,2,4,1,1
"363",0.14286,0.12579,0.33333,0.33333,0.30357,0.33333,0,3,4,1,1,3,2,1,3,2,2,3,2,1
"364",0.035714,0.095092,0,0.33333,0.035714,0,0,4,3,3,1,3,4,1,2,3,1,3,1,1
"365",0.25,0.14021,1,0,0.10714,0,0,1,3,3,1,1,3,1,3,3,2,1,1,1
"366",0.14286,0.080796,0.33333,1,0.30357,0,0,4,3,10,1,4,3,1,3,3,2,3,2,1
"367",0.25,0.22809,0.66667,0,0.14286,0.33333,0,4,5,2,1,4,3,1,3,3,2,3,1,1
"368",0.25,0.21533,0,1,0.053571,0,0,1,3,3,1,2,2,1,3,3,1,3,1,1
"369",0.57143,0.20231,1,0.33333,0.41071,0,1,1,3,3,1,5,3,1,3,3,2,3,1,1
"370",0.25,0.17391,0.33333,1,0.375,0,0,2,3,3,1,4,2,1,1,3,1,3,1,1
"371",0.57143,0.17889,1,1,0.30357,0,0,4,3,1,5,3,3,1,1,3,2,3,1,1
"372",0.25,0.36977,0.66667,1,0.25,0.33333,0,4,5,4,1,5,3,1,3,3,2,3,2,1
"373",0.10714,0.11934,0,0.66667,0.071429,0.33333,0,4,5,3,1,2,2,1,1,3,1,3,1,1
"374",1,0.8603,0.33333,1,0.78571,0,0,4,5,1,5,5,3,1,4,1,3,4,2,1
"375",1,0.92578,0.66667,1,0.73214,0.33333,0,2,2,11,2,5,2,1,4,1,3,4,2,1
"376",0.78571,0.47284,0.33333,1,0.32143,0,0,1,2,10,1,4,2,3,3,3,1,3,1,1
"377",0.25,0.13045,0.33333,0.66667,0.26786,0.33333,0,4,4,4,1,1,4,1,1,3,2,3,1,1
"378",0.053571,0.036378,0.66667,1,0.30357,0,0,4,4,4,5,5,3,1,4,3,3,3,1,1
"379",0.57143,0.89616,1,0.33333,0.67857,0,0,2,3,1,1,5,3,1,4,3,3,4,2,1
"380",0.035714,0.0054885,1,1,0.58929,0.33333,0,4,5,1,2,3,2,1,3,3,2,2,1,1
"381",0.28571,0.12356,1,1,0.35714,0,0,1,3,3,5,4,3,1,3,3,2,3,2,1
"382",0.25,0.81052,0.66667,1,0.33929,0,0,2,3,2,1,1,2,1,4,3,3,4,2,1
"383",0.32143,0.064267,1,1,0.10714,0,0,4,3,1,5,4,2,1,2,3,1,3,1,1
"384",0.14286,0.067267,1,0,0.125,0,0,3,3,1,1,2,3,1,1,3,2,3,1,1
"385",0.46429,0.25503,0.33333,0.33333,0.125,0.33333,0,4,4,10,2,3,3,1,2,3,2,2,1,1
"386",0.25,0.12522,0.33333,0,0.10714,0.33333,0,4,5,4,1,3,2,1,3,3,2,3,1,1
"387",0.25,0.054247,1,0.33333,0.035714,0,0,4,3,4,5,2,2,1,1,3,1,3,2,1
"388",0.25,0.453,1,1,0.375,0.33333,0,2,5,3,1,1,3,1,2,2,2,4,2,1
"389",0.19643,0.13083,0.33333,1,0.14286,0,0,2,5,10,3,3,3,1,3,1,2,3,1,1
"390",0.089286,0.074861,0.66667,0.33333,0.14286,0.33333,0,4,3,10,1,4,2,1,3,3,2,3,1,1
"391",0.25,0.098539,0.33333,0.33333,0.19643,0,0,4,3,1,1,3,4,1,2,3,2,4,2,1
"392",0.14286,0.045121,0,1,0,0,0,2,3,3,4,2,2,1,1,3,1,2,1,1
"393",0.57143,0.18974,0.33333,1,0.35714,0,1,1,3,1,1,4,3,1,4,1,3,4,2,1
"394",0.035714,0.10728,0,1,0.21429,0,0,1,5,4,1,4,2,1,3,3,2,3,1,1
"395",0.089286,0.13594,0.33333,0.66667,0.21429,0,0,4,5,3,1,1,3,1,3,3,2,4,1,1
"396",0.625,0.73291,0.33333,0.66667,0.23214,0,0,2,4,7,2,4,3,1,4,3,1,3,2,1
"397",0.14286,0.14691,0.66667,1,0.64286,0,0,1,3,3,1,1,2,1,4,3,3,4,1,1
"398",0.57143,0.13224,0.66667,0.33333,0.48214,0.33333,0,1,5,3,1,3,4,1,2,3,2,3,2,1
"399",0.14286,0.060438,0,0,0.48214,0.33333,0,2,3,1,1,5,1,1,1,3,1,3,1,1
"400",0.35714,0.079137,1,0,0.42857,0.33333,0,4,5,4,4,3,2,1,1,3,2,2,1,1
"401",0.25,0.076393,0.66667,1,0.35714,0,0,4,3,4,1,2,4,1,1,3,2,3,2,1
"402",0.25,0.10281,1,1,0.16071,0.33333,0,2,5,10,5,3,4,1,1,1,2,3,1,1
"403",0.35714,0.5343,0.33333,0.33333,0.14286,0.33333,0,4,4,10,1,2,3,1,3,1,2,3,2,1
"404",0.17857,0.033569,1,0.33333,0.14286,0.33333,0,4,4,1,1,3,3,1,3,3,2,2,1,1
"405",0.25,0.1674,1,1,0.42857,0,1,2,4,1,5,5,3,1,3,3,2,3,1,1
"406",0.35714,0.11252,0,0,0.053571,0,0,2,3,4,1,2,4,1,2,3,2,3,2,1
"407",0.35714,0.1226,1,1,0.42857,0.33333,1,4,5,2,5,4,3,1,3,3,2,3,2,1
"408",0.19643,0.049588,1,0.33333,0.14286,0,0,1,3,4,1,2,4,1,1,3,2,3,1,2
"409",0.35714,0.18884,0.66667,0.33333,0.125,0,0,4,3,4,3,5,1,1,3,3,2,4,2,1
"410",0.14286,0.042313,1,0.33333,0.16071,0.66667,0,3,5,1,3,4,4,1,1,3,2,3,2,1
"411",0.35714,0.10792,1,1,0.017857,0,0,2,3,4,1,5,2,1,3,3,2,3,2,1
"412",0.51786,0.44527,0.66667,0.33333,0.28571,0.33333,0,4,5,2,1,4,3,1,3,3,2,4,2,1
"413",0.14286,0.12866,1,0.33333,0.41071,0.33333,0,4,5,10,1,1,3,1,3,2,2,4,2,1
"414",0.10714,0.084307,0.66667,0.33333,0.375,0,1,4,3,1,3,3,3,1,4,3,1,2,1,2
"415",0.35714,0.070521,1,0.33333,0.28571,0,0,1,3,1,5,3,2,1,2,3,2,3,1,1
"416",0.57143,0.35522,0.33333,0.33333,0.28571,0.33333,1,4,5,2,1,5,3,1,2,3,2,3,2,1
"417",0.14286,0.14698,1,0,0.25,0,1,1,3,1,1,2,3,1,1,3,2,2,1,1
"418",0.25,0.52301,0,0.33333,0.071429,0.33333,0,1,4,7,5,3,2,1,3,3,1,3,2,1
"419",0.30357,0.15993,0,0.33333,0.21429,0,0,4,3,1,3,4,2,1,3,1,2,4,1,1
"420",0.25,0.048886,1,0.33333,0.25,0,0,2,3,1,5,3,2,1,2,3,2,3,1,1
"421",0.19643,0.18572,0.33333,0.66667,0.017857,0,0,4,3,1,4,4,2,1,3,3,1,3,1,1
"422",0.14286,0.11181,1,0.33333,0.19643,0,0,2,3,2,5,3,3,1,3,3,2,3,1,1
"423",0.14286,0.043525,0.33333,0.66667,0.5,0.33333,1,2,5,1,1,4,3,1,1,3,2,2,1,1
"424",0.30357,0.083924,1,0.66667,0.26786,0.33333,0,4,4,3,2,4,3,1,1,3,2,4,1,1
"425",0.14286,0.15866,0,0.33333,0.10714,0,0,2,3,3,5,5,2,1,2,1,2,3,2,1
"426",0.25,0.15974,0,0.66667,0.035714,0,0,2,3,2,1,3,4,1,3,3,1,3,2,1
"427",0.42857,0.15744,1,0.33333,0.17857,0.33333,0,4,5,4,1,5,3,1,3,3,2,3,1,1
"428",0.25,0.055715,1,0.66667,0.48214,0.33333,0,4,5,4,4,3,3,1,1,3,2,3,1,1
"429",0.089286,0.066182,0,1,0.017857,0,0,4,3,3,1,5,3,1,3,3,2,3,1,1
"430",0.25,0.058332,0.33333,1,0.64286,0.66667,1,1,5,6,1,1,2,1,4,3,3,1,1,1
"431",0.017857,0.20244,0,1,0.98214,0,0,4,3,10,1,4,3,1,1,3,2,2,1,1
"432",0.35714,0.70534,0.33333,0.66667,0.17857,0.33333,0,2,3,11,1,3,3,2,3,1,2,4,2,1
"433",0.035714,0.10186,1,1,0.30357,0.66667,0,1,5,3,1,1,3,1,4,3,3,4,2,1
"434",0.35714,0.11373,1,0.33333,0.25,0.33333,0,4,5,6,1,3,1,1,1,3,2,3,2,1
"435",0.089286,0.11871,0.66667,0.33333,0.10714,0,0,1,3,3,1,3,3,1,1,3,2,3,1,1
"436",0.14286,0.077095,0.33333,0,0.10714,0,0,2,3,4,5,3,4,1,1,3,2,3,2,1
"437",0.035714,0.024507,0.33333,1,0.071429,0,0,4,3,6,3,4,4,1,1,3,1,2,1,1
"438",0.35714,0.064522,1,1,0.32143,0.33333,0,4,5,1,4,5,2,1,1,3,2,3,2,1
"439",0.67857,0.19899,1,1,0.82143,0.33333,0,1,5,6,1,1,3,2,3,3,2,1,1,1
"440",0.14286,0.021252,1,0,0.125,0,0,3,2,10,1,2,2,1,1,3,2,1,1,1
"441",0.14286,0.10262,1,1,0.35714,0,0,4,3,1,1,5,3,1,3,3,2,4,2,1
"442",0.14286,0.085774,0.33333,0.66667,0.19643,0,0,1,3,3,1,3,2,2,2,3,2,3,1,1
"443",0.28571,0.15017,0.33333,0.66667,0.17857,0.33333,0,2,4,11,1,3,3,1,3,1,2,3,2,1
"444",0.14286,0.028272,1,1,0.39286,0,1,4,3,7,1,5,3,1,3,1,2,2,1,1
"445",0.78571,0.30761,0.33333,0.66667,0.19643,0,0,2,5,3,1,3,2,1,3,3,2,4,2,1
"446",0.089286,0.061778,1,1,0.39286,0.33333,0,4,5,7,5,5,2,1,2,3,1,2,1,1
"447",0.57143,0.099943,1,1,0.26786,0,0,1,3,1,1,2,2,1,3,3,2,3,2,1
"448",0.053571,0.14679,0.33333,0.33333,0.28571,0,0,2,3,4,1,3,3,3,1,3,2,3,1,1
"449",0.14286,0.073266,0.66667,1,0.64286,0,0,3,3,3,5,5,2,1,1,3,2,4,2,1
"450",0.19643,0.078882,0.66667,0.66667,0.75,0.33333,0,2,4,6,4,3,4,1,2,2,2,3,1,1
"451",0.57143,0.68786,1,0.33333,0.19643,0,0,4,5,2,5,3,3,1,3,3,2,4,2,1
"452",0.035714,0.015445,0.66667,0,0.17857,0,0,4,3,4,1,3,2,1,1,3,2,3,1,1
"453",0.14286,0.15847,0.33333,1,0.26786,0.33333,0,4,1,3,1,5,3,1,2,3,2,3,1,1
"454",0.35714,0.15279,1,1,0.28571,0,0,4,3,2,1,5,3,1,3,3,2,4,2,1
"455",0.35714,0.28981,0.33333,0.66667,0.21429,0,0,1,3,1,1,4,3,2,2,3,2,3,2,1
"456",0.35714,0.15336,1,0,0.17857,0,0,4,3,2,1,2,2,1,4,3,2,4,2,1
"457",0.125,0.2316,0.33333,0.33333,0.30357,0.33333,1,1,5,1,1,3,3,1,1,3,1,3,1,1
"458",0.14286,0.19848,0.66667,1,0.28571,0,0,1,3,2,1,5,3,1,4,3,3,3,2,1
"459",0.035714,0.004276,1,0,0.14286,0,0,1,3,5,1,2,2,1,1,3,2,3,1,1
"460",0.25,0.27558,0.66667,0.33333,0.23214,0,0,4,3,4,1,2,3,1,3,3,2,3,2,1
"461",0.57143,0.21342,0,0.33333,0.32143,0,1,1,3,3,1,3,3,3,2,3,2,3,1,1
"462",0.19643,0.09222,0.33333,0.66667,0.30357,0,0,1,3,1,1,2,3,1,1,3,2,3,1,1
"463",0.14286,0.17493,0.66667,0,0.26786,0,0,2,3,3,1,2,2,1,1,3,1,4,1,1
"464",0.14286,0.030506,1,1,0.33929,0.33333,0,2,3,9,5,5,3,1,2,3,2,3,1,1
"465",0.25,0.10684,1,0,0.26786,0.33333,0,4,3,10,1,4,3,1,3,2,2,3,2,1
"466",0.35714,0.169,0.66667,1,0.78571,0,1,1,3,2,1,3,3,3,4,1,2,3,2,1
"467",0.35714,0.088263,1,0.33333,0.17857,0,0,1,4,4,1,2,2,1,3,3,1,2,2,1
"468",0.78571,0.44432,0.66667,0.66667,0.23214,0.33333,1,4,4,4,5,5,3,1,3,1,2,3,1,1
"469",0.51786,0.15878,0.33333,0.33333,0.125,0.33333,0,4,4,10,1,3,2,1,3,3,2,3,2,1
"470",0.35714,0.281,0.66667,0.66667,0.28571,0.33333,0,4,4,2,1,4,3,1,3,3,2,2,2,1
"471",0.35714,0.17972,0.66667,0.33333,0.053571,0,0,2,3,4,2,2,4,1,3,3,1,3,2,1
"472",0.035714,0.010977,1,1,0.071429,0,0,1,3,7,1,2,2,1,2,3,2,3,1,1
"473",0.089286,0.024124,1,0.66667,0.16071,0,0,1,3,1,1,3,3,1,3,3,2,2,1,1
"474",0.035714,0.061395,1,1,0.30357,0,1,4,3,9,5,1,3,1,2,3,2,4,2,1
"475",0.25,0.061842,1,0.33333,0.25,0,0,2,5,4,1,3,4,1,3,3,2,3,1,1
"476",0.25,0.18112,0,1,0.125,0,0,1,1,3,1,2,2,1,2,3,1,3,1,1
"477",0.625,0.14634,1,1,0.089286,0,0,4,3,2,3,3,3,1,3,3,2,3,1,1
"478",0.35714,0.31119,1,0.33333,0.10714,0,0,3,3,4,1,4,3,1,3,1,2,3,1,1
"479",0.14286,0.048567,0.66667,1,0.35714,0,0,2,3,10,2,4,3,1,1,3,2,2,1,1
"480",0.19643,0.076712,1,1,0.44643,0.33333,1,1,5,3,1,5,3,1,3,3,2,3,2,1
"481",0.14286,0.21042,0,0,0.071429,0,0,2,5,4,1,3,2,1,1,3,2,2,1,1
"482",0.35714,0.059034,1,0,0.125,0,0,2,3,1,1,2,3,1,2,3,2,3,1,1
"483",0.46429,0.21354,1,1,0.67857,0.33333,0,1,3,3,4,5,2,1,2,3,1,3,2,1
"484",0.19643,0.043653,0.66667,0.33333,0.19643,0.33333,0,4,4,3,4,4,2,1,2,3,2,3,1,1
"485",0.14286,0.056609,1,1,0.44643,0,0,4,5,1,3,3,3,1,1,3,2,3,2,1
"486",0.035714,0.059544,1,1,0.5,0,0,2,4,1,1,1,3,1,2,3,2,4,2,1
"487",0.14286,0.17876,0.33333,1,0.58929,0,0,4,3,4,1,3,3,1,3,3,2,3,2,1
"488",0.35714,0.22216,1,1,0.76786,0,0,4,3,1,1,5,2,2,4,3,3,3,2,1
"489",0.10714,0.072883,0.66667,0.33333,0.28571,0,0,4,3,1,2,3,3,1,1,3,1,2,1,2
"490",0.035714,0.20691,0.33333,0.66667,0.125,0,0,4,3,1,1,3,3,3,2,3,1,3,1,1
"491",0.14286,0.10581,0.33333,0.33333,0.125,0.33333,0,4,5,4,1,5,3,1,4,3,2,3,1,1
"492",0.41071,0.51324,0.33333,1,0.41071,0.33333,0,2,1,10,1,5,2,1,4,3,3,4,2,1
"493",0.035714,0.061331,0,0,0.14286,0.33333,0,4,5,4,2,3,2,1,2,3,2,3,1,1
"494",0.035714,0.0058715,1,1,0.33929,0,0,2,3,4,5,5,3,1,2,3,2,3,1,1
"495",0.14286,0.11781,0.66667,0.33333,0.35714,0.33333,1,1,5,1,1,3,3,1,1,3,1,2,1,2
"496",0.35714,0.17359,0.33333,1,0.017857,0,0,1,3,3,5,3,4,1,3,3,2,3,1,1
"497",0.57143,0.55894,1,0,0.17857,0,0,2,3,3,2,2,3,2,4,3,1,4,2,1
"498",0.35714,0.083541,1,0.66667,0.375,0.33333,0,4,5,3,1,4,3,1,2,3,2,3,1,1
"499",0.25,0.065416,1,0.33333,0.23214,0,0,2,3,4,1,5,4,3,1,3,2,2,1,1
"500",0.035714,0.06682,0.33333,1,0.16071,0.33333,1,3,5,1,2,5,1,1,3,3,2,3,2,1
"501",0.35714,0.1817,1,0,0.14286,0,0,1,3,1,1,2,2,1,2,3,2,3,1,1
"502",0.57143,0.33295,0.33333,1,0.41071,0,1,1,3,2,1,5,3,1,4,3,3,3,1,1
"503",0.089286,0.054247,0.33333,1,0.53571,0,0,3,3,4,2,5,1,1,1,3,2,3,1,1
"504",0.35714,0.059991,1,1,0.33929,0.33333,1,2,5,4,2,2,3,1,4,1,2,3,1,1
"505",0.35714,0.059417,1,1,0.089286,0,0,1,3,1,1,2,2,1,2,3,1,3,1,1
"506",0.10714,0.065926,1,1,0.14286,0,0,4,3,1,5,3,3,3,2,3,2,2,1,1
"507",0.19643,0.133,0.33333,0.33333,0.30357,0,0,3,5,2,3,3,3,1,3,3,2,3,2,1
"508",0.19643,0.41955,0,0.33333,0.26786,0,1,2,2,1,2,1,3,1,2,3,2,4,2,1
"509",0.35714,0.072564,1,0.33333,0.16071,0,0,4,3,4,1,3,4,1,2,3,2,3,1,1
"510",0.625,0.53047,1,0.33333,0.46429,0,0,4,3,2,2,5,3,1,3,3,2,4,2,1
"511",0.14286,0.030825,1,0.33333,0.125,0,0,1,3,1,1,4,3,1,1,3,2,3,1,1
"512",0.57143,0.28145,0.33333,0.33333,0.23214,0,0,4,3,2,1,3,3,1,4,3,3,4,2,1
"513",0.19643,0.15387,0.33333,1,0.125,0,0,3,3,10,1,4,3,1,2,3,1,3,2,1
"514",0.14286,0.01972,1,1,0.017857,0.33333,0,2,4,4,1,3,4,2,1,3,1,3,1,1
"515",0.35714,0.1263,1,0,0.625,0,0,4,3,1,5,2,3,1,2,3,2,3,1,1
"516",0.035714,0.021252,1,0.66667,0.32143,0.33333,0,1,5,1,1,4,2,1,2,3,2,3,1,2
"517",0.035714,0.069245,0.33333,1,0.375,0,1,1,5,1,1,2,3,1,1,3,2,2,1,2
"518",0.57143,0.43723,0.33333,1,0.071429,0.33333,0,4,5,3,1,2,2,1,2,3,1,3,2,1
"519",0.035714,0.059161,0.66667,0.33333,0.42857,0,0,1,3,1,2,5,3,1,2,3,2,3,2,1
"520",0.035714,0.02706,1,1,0.30357,0.33333,0,4,5,4,5,5,3,1,4,3,3,3,1,1
"521",0.35714,0.33384,0.66667,1,0.44643,0.33333,0,4,5,6,1,5,3,1,4,3,3,3,1,1
"522",0.25,0.18597,0.33333,0.33333,0.089286,0,0,1,3,4,1,3,2,1,1,3,2,3,1,1
"523",0.78571,0.43672,0.66667,1,0.60714,0.33333,1,1,1,3,1,3,3,1,4,3,3,3,1,1
"524",0.35714,0.20499,0.66667,1,0.071429,0,0,4,3,2,2,4,2,1,3,3,2,3,1,1
"525",0.25,0.053418,1,1,0.125,0,1,2,3,4,1,3,2,3,1,3,2,2,1,1
"526",0.39286,0.49078,0.33333,0.66667,0.19643,0.33333,0,2,3,2,1,2,3,1,3,3,2,3,1,1
"527",0.19643,0.080158,1,0.66667,0.21429,0,0,4,5,7,2,3,2,1,3,3,2,3,1,1
"528",0,0.078307,0.33333,0,0.41071,0.33333,1,4,5,4,1,4,3,1,1,3,2,2,1,1
"529",0.57143,0.1293,1,1,0.21429,0,0,1,3,4,1,3,1,1,3,3,1,3,1,1
"530",0.035714,0.024635,0.66667,1,0.39286,0,1,1,3,1,1,2,3,1,1,3,2,2,2,1
"531",0.57143,0.12745,0.66667,0,0.23214,0.33333,1,2,3,7,1,4,3,1,3,3,2,3,1,1
"532",0.19643,0.1503,0.33333,1,0.16071,0.33333,0,2,3,1,2,3,2,1,3,3,1,3,2,1
"533",0.14286,0.078307,1,1,0.39286,0,0,4,4,2,1,3,4,1,1,3,1,3,1,1
"534",0.35714,0.066054,1,0.66667,0.125,0,0,4,3,4,2,4,4,1,2,3,2,3,2,1
"535",0.35714,0.18055,1,0.33333,0.10714,0.33333,0,4,3,4,5,2,3,1,3,3,2,3,1,1
"536",0.30357,0.13038,0.33333,0,0.25,0,0,3,5,7,1,2,1,1,3,3,1,3,1,1
"537",0.035714,0.070075,1,0.66667,1,0,0,1,3,1,5,1,2,1,2,3,2,4,2,1
"538",0.25,0.2129,0.66667,1,0.32143,0,0,2,5,3,1,5,2,1,2,3,2,3,2,1
"539",0.78571,0.47782,1,1,0.41071,0,0,1,3,1,1,5,3,1,4,1,3,4,1,1
"540",0.25,0.17697,0,0,0.46429,0,0,3,3,3,1,2,2,1,2,2,2,2,1,1
"541",0.14286,0.080286,0,0,0.071429,0,0,2,3,4,1,2,4,1,1,3,1,3,1,1
"542",0.35714,0.11207,1,1,0.73214,0.33333,0,4,4,1,1,5,3,1,4,3,3,3,2,1
"543",0.46429,0.38764,1,1,0.21429,0,0,1,3,3,5,5,3,1,2,3,2,3,1,1
"544",0.25,0.16517,0.33333,0,0.26786,0,1,3,3,3,1,3,3,1,1,3,2,2,1,1
"545",0.14286,0.06248,1,1,0.75,0.33333,0,4,5,1,1,5,3,1,1,3,2,2,1,1
"546",0.35714,0.067458,1,0.33333,0.42857,0.33333,1,1,4,1,1,1,3,1,1,3,3,3,1,1
"547",0.35714,0.11143,1,1,0.32143,0,0,4,5,1,1,3,2,1,3,3,2,3,2,1
"548",0.35714,0.081435,0.66667,0,0.23214,0,1,4,3,4,1,4,3,1,3,1,2,3,1,1
"549",0.14286,0.022337,1,1,0.089286,0,0,1,2,4,1,3,2,1,1,1,2,2,1,1
"550",0.78571,0.54771,0.33333,0,0.28571,0.33333,0,4,5,2,5,4,3,1,4,3,3,3,2,1
"551",0.14286,0.045951,1,1,0.071429,0.33333,0,4,5,6,5,4,2,1,1,3,2,3,1,1
"552",0.035714,0.094071,0.33333,1,0.46429,0,1,4,2,4,3,5,3,1,2,1,2,2,1,1
"553",0.78571,0.42906,0,0,0.26786,0.33333,0,1,3,4,1,4,4,3,1,3,2,3,2,1
"554",0.14286,0.10971,1,0,0.14286,0,0,2,5,1,2,2,3,1,3,3,2,3,1,1
"555",0.089286,0.058906,1,1,0.85714,0.33333,0,2,3,7,1,4,2,1,2,3,2,4,2,1
"556",0.14286,0.06733,0.33333,0,0.053571,0,0,2,3,4,1,2,3,1,3,2,2,3,1,1
"557",0.25,0.12777,0.66667,0.66667,0.16071,0.33333,0,2,1,1,2,2,2,1,3,3,2,3,1,1
"558",0.30357,0.30168,0,1,0.17857,0.33333,0,4,1,1,5,3,2,1,2,1,2,3,2,1
"559",0.35714,0.20908,0.66667,1,0.14286,0,0,1,2,3,1,4,3,1,3,1,2,3,1,1
"560",0.25,0.10543,0.33333,0.33333,0.21429,0.33333,0,2,5,3,1,2,3,1,1,3,2,2,1,1
"561",0.35714,0.17155,1,1,0.53571,0,1,1,3,2,5,5,3,1,4,1,3,3,2,1
"562",0.35714,0.081052,1,1,0.089286,0,0,1,2,4,1,4,3,3,3,1,1,2,1,1
"563",0.035714,0.025975,0.33333,0,0.17857,0,0,3,4,4,1,2,2,1,2,1,2,3,1,1
"564",0.57143,0.77306,0,1,0.32143,0,0,2,3,1,5,3,3,1,4,3,3,3,2,1
"565",0.35714,0.28311,1,0.33333,0.32143,0.33333,0,2,4,10,5,3,3,1,2,1,2,4,2,1
"566",0.35714,0.081499,0.66667,0.33333,0.071429,0.33333,0,2,4,4,2,4,2,1,2,3,1,3,2,1
"567",0.14286,0.069947,0.33333,0.66667,0.30357,0,0,1,3,1,1,4,1,1,3,3,2,3,1,1
"568",0.35714,0.14691,0.33333,0.33333,0.26786,0,0,4,5,4,4,5,3,1,3,3,2,3,1,1
"569",0.78571,0.23633,1,0,0.39286,0.33333,1,2,3,4,5,4,3,1,3,3,2,3,2,1
"570",0.78571,0.41368,0.66667,0.33333,0.21429,0,0,1,3,4,1,3,2,1,3,3,2,3,2,1
"571",0.35714,0.18878,1,1,0.071429,0,0,1,3,3,1,2,2,1,1,3,1,2,2,1
"572",0.46429,0.36237,0.66667,0.33333,0.33929,0,0,4,5,4,1,4,3,2,3,3,2,3,1,1
"573",0.35714,0.32912,0.33333,1,0.125,0,0,4,3,2,5,1,2,1,2,3,1,4,2,1
"574",0.19643,0.033825,1,1,0.053571,0,0,1,3,10,1,3,2,1,2,3,2,2,1,1
"575",0.089286,0.051439,1,1,0.14286,0.33333,0,2,3,4,1,5,3,1,3,3,2,2,1,1
"576",0.19643,0.16032,0.33333,0.66667,0.089286,0.33333,0,4,5,3,1,4,2,2,3,1,2,3,1,1
"577",0.14286,0.16938,0.33333,0,0.14286,0,0,2,3,4,1,4,2,1,1,3,2,3,1,1
"578",0.35714,0.10537,0.66667,0.33333,0.25,0.33333,0,4,5,7,5,3,2,1,3,3,2,3,2,1
"579",0.57143,0.16236,1,1,0.14286,0.33333,0,2,5,1,1,2,1,1,3,3,2,3,1,1
"580",0.35714,0.042185,1,0.66667,0.14286,0.33333,0,4,3,9,1,2,4,1,3,3,2,2,1,1
"581",0.25,0.04978,0.66667,0.66667,0.19643,0.33333,0,2,5,1,1,5,3,3,1,1,2,3,1,1
"582",0.14286,0.18176,0,0.66667,0.53571,0.33333,1,2,5,1,1,2,3,1,1,1,2,2,1,1
"583",0.089286,0.070968,1,0.33333,0.125,0,0,4,3,3,1,3,2,1,1,3,1,3,1,1
"584",0.57143,0.13453,1,0,0.25,0,0,2,3,6,1,2,3,1,4,3,1,2,1,1
"585",0.14286,0.11851,1,1,0.58929,0,0,4,3,1,5,5,2,1,4,3,3,4,2,1
"586",0.25,0.11252,0,1,0.017857,0,0,1,3,3,1,3,2,1,1,1,1,3,1,1
"587",0.089286,0.16102,0.33333,0.33333,0.30357,0.33333,1,1,5,1,1,3,3,1,1,3,1,3,1,1
"588",0.14286,0.06465,1,0,0.035714,0,0,1,3,3,1,3,3,3,2,3,2,2,1,1
"589",0.25,0.060055,1,0.66667,0.5,0,0,1,3,5,1,3,4,1,1,3,2,2,2,1
"590",0.14286,0.12573,0.66667,0.66667,0.73214,0.33333,0,1,5,3,1,5,3,1,2,3,2,3,1,1
"591",0.14286,0.0069564,1,0.66667,0.69643,1,0,1,5,4,1,4,2,1,1,3,2,2,2,1
"592",0.35714,0.10779,1,1,0.41071,0.33333,0,2,4,1,5,3,2,1,3,3,1,3,2,1
"593",0.30357,0.082711,1,1,0.30357,0,0,4,3,10,4,5,2,1,1,1,2,2,1,1
"594",0.35714,0.15585,0.66667,1,0.017857,0,0,2,3,1,1,3,2,1,2,3,1,2,2,1
"595",0.35714,0.069054,1,0.66667,0.375,0,0,1,2,11,5,5,3,1,3,2,2,4,2,1
"596",0.035714,0.041802,0,0,0.23214,0,0,2,2,1,2,2,2,1,2,2,2,2,1,1
"597",0.35714,0.074414,1,1,0.071429,0.33333,0,1,3,1,1,4,2,1,3,3,1,3,1,1
"598",0.35714,0.25305,0,1,0.30357,0.66667,0,2,1,10,1,3,3,1,1,3,2,2,2,1
"599",0.25,0.15949,0.33333,0.33333,0.21429,0.33333,0,4,5,1,1,4,3,1,2,1,2,3,1,1
"600",0.35714,0.22892,0,0.33333,0.23214,0,0,4,4,10,1,3,3,1,4,3,3,3,1,1
"601",0.053571,0.13102,0,0,0.46429,0,0,2,3,4,1,2,2,3,1,3,2,3,1,1
"602",0.089286,0.040973,1,0,0.19643,0,0,2,3,3,1,3,2,1,2,3,2,3,1,1
"603",0.35714,0.099623,1,1,0.26786,0,0,2,2,7,1,4,2,1,4,1,3,2,1,1
"604",0.57143,0.19612,1,0.33333,0.16071,0,0,4,3,3,1,3,2,1,3,3,2,4,2,1
"605",0.10714,0.063756,1,0.33333,0.071429,0,0,3,3,3,1,2,2,1,2,3,2,3,1,1
"606",0.35714,0.16287,1,1,0.053571,0,0,1,2,3,3,3,3,1,1,2,2,3,2,1
"607",0.35714,0.27124,0.66667,0.33333,0.98214,0,0,4,5,10,1,3,3,1,1,3,2,4,2,1
"608",0.57143,0.15285,1,1,0.55357,0,0,2,3,4,2,3,2,2,4,3,3,3,1,1
"609",0.25,0.11328,1,0,0.25,0,0,4,3,4,1,2,3,1,1,3,2,3,1,1
"610",0.19643,0.065352,1,1,0.46429,0,1,4,3,2,5,5,3,1,4,1,3,3,1,1
"611",0.14286,0.029676,1,0.66667,0.053571,0,0,1,3,5,2,1,2,1,2,3,2,3,1,1
"612",0.10714,0.061523,0,1,0.51786,0,1,3,3,1,2,5,2,1,4,3,3,2,1,1
"613",0.30357,0.19663,1,0.33333,0.17857,0,0,1,3,4,4,2,2,1,3,1,2,3,1,1
"614",0.35714,0.21418,0,1,0.053571,0,0,1,2,2,1,3,2,3,3,1,1,3,1,2
"615",0.25,0.097773,1,0,0.053571,0,0,4,4,3,1,4,2,1,1,3,2,3,1,1
"616",0.78571,0.76125,0.33333,0.33333,0.51786,0,0,2,1,10,5,3,3,1,3,1,2,4,2,1
"617",1,0.56679,0.33333,0.33333,0.14286,0,0,2,4,4,5,3,3,1,4,3,3,4,1,1
"618",0.035714,0.21699,0,0.66667,0.32143,0.66667,1,1,5,1,1,3,3,1,1,3,1,3,1,1
"619",0.46429,0.20199,0.33333,1,0.035714,0,0,2,3,3,2,3,2,2,3,3,1,3,1,1
"620",0.14286,0.023231,1,0.33333,0.53571,0,0,4,3,1,1,3,1,1,1,3,2,2,1,1
"621",0.30357,0.21546,0.33333,0.66667,0.14286,0.33333,0,2,5,10,1,4,3,1,2,3,2,3,1,1
"622",0.25,0.080031,0.66667,0.33333,0.23214,0.33333,0,4,5,1,1,3,3,1,2,1,2,3,1,1
"623",0.78571,0.23218,1,0.33333,0.33929,0,0,4,3,10,5,3,1,1,1,1,2,3,1,1
"624",0.14286,0.10096,1,0,0.053571,0,0,1,3,3,1,2,2,1,3,3,1,3,1,1
"625",0.25,0.14832,1,1,0.82143,0.33333,0,1,3,4,1,3,3,1,4,3,3,3,1,1
"626",0.19643,0.10869,1,0.33333,0.28571,0,0,4,3,4,5,5,3,1,3,3,2,3,1,1
"627",0.035714,0.11743,0.33333,0.33333,0.39286,0,0,3,3,3,1,3,3,1,1,3,2,3,2,1
"628",0.089286,0.074095,0.33333,0.66667,0.17857,0,0,2,2,1,2,4,3,1,4,3,2,3,1,1
"629",0.67857,0.24035,1,1,0.30357,0.33333,0,4,5,3,3,3,3,1,1,3,2,3,2,1
"630",0.089286,0.22694,0,1,0.80357,0,0,4,3,7,5,5,3,1,1,3,2,2,1,1
"631",0.35714,0.21597,0.33333,1,0.16071,0,0,1,3,4,1,3,2,1,3,3,2,3,1,1
"632",0.25,0.081499,1,0.66667,0.44643,0,0,1,2,3,1,3,3,1,3,1,2,3,1,1
"633",0.19643,0.074542,1,0,0.071429,0,0,2,3,4,5,2,3,1,2,3,2,3,1,1
"634",0.089286,0.10875,0.33333,0.33333,0,0.33333,0,4,3,3,1,2,2,2,3,3,1,3,1,1
"635",0.35714,0.068862,0.66667,1,0.10714,0,0,2,3,1,1,2,2,1,3,3,2,2,2,1
"636",0.14286,0.071287,1,1,0.5,0.66667,1,4,3,7,1,5,3,1,2,1,2,3,2,1
"637",0.35714,0.070202,1,0,0.16071,0,0,4,3,4,3,4,2,1,3,3,2,3,1,1
"638",1,0.98136,0.33333,1,0.035714,0.33333,0,4,4,4,1,4,3,1,3,3,2,3,2,1
"639",0.14286,0.077669,1,0.66667,0.26786,0,1,4,3,4,1,2,2,1,3,3,2,3,1,1
"640",0.67857,0.26128,0.66667,0.33333,0.125,0.33333,1,1,4,4,1,4,3,1,2,1,2,3,2,1
"641",0.25,0.030251,1,0,0.14286,0,0,1,3,7,1,1,2,1,1,3,2,1,1,1
"642",0.19643,0.065863,1,1,0.33929,0.33333,0,2,3,6,1,5,3,1,3,3,2,2,1,1
"643",0.19643,0.27743,0.66667,0.33333,0.375,0,0,4,3,7,2,3,3,1,2,3,2,4,2,1
"644",0.35714,0.10052,1,0.33333,0.25,0.33333,0,4,5,4,1,4,4,3,3,3,2,3,2,1
"645",0.25,0.10237,1,0,0.23214,0.33333,0,1,5,4,1,4,4,1,2,3,2,4,2,1
"646",0.57143,0.49167,1,1,0.14286,0.33333,0,4,4,10,5,2,3,1,3,3,1,3,2,1
"647",0.46429,0.27487,0.33333,0.33333,0.23214,0.33333,0,1,1,3,1,3,1,3,1,3,2,3,1,1
"648",0.14286,0.070841,0.33333,0.33333,0.125,0,0,4,3,1,3,3,2,1,2,3,2,3,1,1
"649",0.35714,0.042823,1,0.66667,0.33929,0,1,3,3,1,1,4,3,1,4,1,3,3,1,1
"650",0.14286,0.026039,1,1,0.375,0,1,1,3,7,1,3,3,1,3,3,1,2,1,1
"651",0.78571,0.45951,1,0,0.55357,0,0,1,3,7,1,4,3,1,4,3,3,4,2,1
"652",0.14286,0.10505,1,0.33333,0.32143,0,0,2,3,3,1,3,3,1,2,3,2,2,1,1
"653",0.35714,0.12936,1,0,0.46429,0,0,1,3,1,1,5,3,2,1,3,2,3,1,1
"654",0.57143,0.49844,0.33333,1,0.41071,1,0,2,4,1,2,5,3,1,3,3,2,4,2,1
"655",0.35714,0.13211,1,0.66667,0.28571,0.33333,0,4,5,2,1,4,3,1,3,3,2,3,2,1
"656",0.17857,0.23594,0,1,0.053571,0,0,1,3,1,1,1,3,1,4,3,3,3,1,1
"657",0.14286,0.039058,1,1,0.39286,0,1,2,3,1,1,5,3,1,3,1,2,2,1,1
"658",0.78571,0.63476,1,0.66667,0.32143,0,0,4,3,4,5,4,3,1,3,2,2,3,2,1
"659",0.46429,0.25177,0.33333,0,0.16071,0.33333,0,2,1,10,1,3,2,1,3,3,2,3,1,1
"660",0.25,0.38835,0.33333,0,0.39286,0,0,2,5,3,1,5,3,1,4,3,2,3,2,1
"661",0.14286,0.065161,0.66667,1,0.071429,0,0,3,3,4,1,3,4,1,1,3,1,3,1,1
"662",0.14286,0.039824,1,0.33333,0.071429,0,0,1,3,1,5,3,4,1,3,3,2,3,1,1
"663",0.30357,0.12541,1,0.33333,0.55357,0.33333,0,4,3,3,1,5,3,1,1,3,2,3,1,1
"664",0.035714,0.049397,1,0,0.28571,0.33333,0,2,4,3,1,1,3,1,2,2,2,4,2,1
"665",0.035714,0.049205,0.33333,1,0.55357,0,0,3,5,7,1,3,2,1,2,3,2,2,1,1
"666",0.35714,0.38535,1,0.33333,0.14286,0.33333,0,4,5,11,1,1,3,2,4,1,2,4,2,1
"667",0.46429,0.2055,1,0.33333,0.26786,0,1,2,2,3,4,3,3,1,3,2,2,3,2,1
"668",0.2840704,0.164843655727273,0.579384421679487,0.096343421,0.218458320333333,0.205890477833333,0.131568743531746,4,3,4,1,3,3,1,3,3,2,3,1,1
"669",0.2858267,0.171108710393939,0.642427206679487,0.2403504385,0.195732777380952,0.24515,0.0596478162103175,4,3,4,1,3,3,1,3,3,2,3,1,1
"670",0.2840704,0.164843655727273,0.579384421679487,0.096343421,0.218458320333333,0.205890477833333,0.131568743531746,4,3,4,1,3,3,1,3,3,2,3,1,1
"671",0.140821248,0.0543755672380952,0.965327712444444,0.45252,0.185664825952381,0.02499144,0.0107971396,4,3,4,1,3,4,1,1,3,2,3,1,1
"672",0.217554906111111,0.144729708060606,0.33531,0.541213392142857,0.266068313666667,0.0125176385809524,0.1652168732,1,3,3,1,3,3,1,2,3,2,3,1,1
"673",0.2840704,0.164843655727273,0.579384421679487,0.096343421,0.218458320333333,0.205890477833333,0.131568743531746,4,3,4,1,3,3,1,3,3,2,3,1,1
"674",0.2840704,0.164843655727273,0.579384421679487,0.096343421,0.218458320333333,0.205890477833333,0.131568743531746,4,3,4,1,3,3,1,3,3,2,3,1,1
"675",0.21228,0.128348838060606,0.594689536309524,0.489386662142857,0.249411109857143,0.0178555022732601,0.0921539229333333,1,3,3,1,3,3,1,2,3,2,3,1,1
"676",0.237753117142857,0.0899992261666667,0.756787898452381,0.697748043809524,0.2685007,0.00694462719139191,0.0821184422222222,1,3,1,1,2,2,1,1,3,2,3,1,1
"677",0.2840704,0.164843655727273,0.579384421679487,0.096343421,0.218458320333333,0.205890477833333,0.131568743531746,4,3,4,1,3,3,1,3,3,2,3,1,1
"678",0.334643766666667,0.1587315575,0.759826819346154,0.363226425,0.119377738833333,0.0151025891666666,-0.08802,3,3,4,1,3,4,1,3,3,2,3,1,1
"679",0.2840704,0.164843655727273,0.579384421679487,0.096343421,0.218458320333333,0.205890477833333,0.131568743531746,4,3,4,1,3,3,1,3,3,2,3,1,1
"680",0.334643766666667,0.1587315575,0.759826819346154,0.363226425,0.119377738833333,0.0151025891666666,-0.081619,3,3,4,1,3,4,1,3,3,2,3,1,1
"681",0.2840704,0.164843655727273,0.579384421679487,0.096343421,0.218458320333333,0.205890477833333,0.131568743531746,4,3,4,1,3,3,1,3,3,2,3,1,1
"682",0.2840704,0.164843655727273,0.579384421679487,0.096343421,0.218458320333333,0.205890477833333,0.131568743531746,4,3,4,1,3,3,1,3,3,2,3,1,1
"683",0.2840704,0.164843655727273,0.579384421679487,0.096343421,0.218458320333333,0.205890477833333,0.131568743531746,4,3,4,1,3,3,1,3,3,2,3,1,1
"684",0.2840704,0.164843655727273,0.579384421679487,0.096343421,0.218458320333333,0.205890477833333,0.131568743531746,4,3,4,1,3,3,1,3,3,2,3,1,1
"685",0.144531836666667,0.153186295333333,-0.0066948,0.31015413,0.242463921666667,0.0644577089242424,0.420714191666667,4,3,4,1,3,3,1,1,3,2,3,1,1
"686",0.233202098333333,0.151550665727273,0.52494259,0.569919758809524,0.273416877380952,0.019891814547619,0.1703272,1,3,3,1,3,3,1,2,3,2,3,1,1
"687",0.445172004166666,0.261221581746032,0.853688951111111,0.343713625,0.127998064166667,0.00353824985897432,-0.00749553846223223,3,3,4,1,3,3,1,3,3,2,3,1,1
"688",0.2840704,0.164843655727273,0.579384421679487,0.096343421,0.218458320333333,0.205890477833333,0.131568743531746,4,3,4,1,3,3,1,3,3,2,3,1,1
"689",0.142239557166667,0.112760016393939,0.549531035961905,0.373300263333333,0.241401698095238,0.00628886706981904,0.08935747784,1,3,3,1,3,3,1,1,3,2,3,1,1
"690",0.233202098333333,0.151550665727273,0.52494259,0.569919758809524,0.273416877380952,0.019891814547619,0.1703272,1,3,3,1,3,3,1,2,3,2,3,1,1
"691",0.2840704,0.164843655727273,0.579384421679487,0.096343421,0.218458320333333,0.205890477833333,0.131568743531746,4,3,4,1,3,3,1,3,3,2,3,1,1
"692",0.2840704,0.164843655727273,0.579384421679487,0.096343421,0.218458320333333,0.205890477833333,0.131568743531746,4,3,4,1,3,3,1,3,3,2,3,1,1
"693",0.2840704,0.164843655727273,0.579384421679487,0.096343421,0.218458320333333,0.205890477833333,0.131568743531746,4,3,4,1,3,3,1,3,3,2,3,1,1
"694",0.144531836666667,0.153186295333333,-0.12638,0.31015413,0.242463921666667,0.0644577089242424,0.420714191666667,4,3,4,1,3,3,1,1,3,2,3,1,1
"695",0.245253417142857,0.103420439,0.79248,0.64211323547619,0.269053725,0.00329678176282048,0.0803515622222222,1,3,1,1,2,2,1,1,3,2,3,1,1
"696",0.2840704,0.164843655727273,0.579384421679487,0.096343421,0.218458320333333,0.205890477833333,0.131568743531746,4,3,4,1,3,3,1,3,3,2,3,1,1
"697",0.248951617142857,0.1009765525,0.787785367499999,0.712446852142857,0.273333116666666,0.00420176976282048,0.0801881722222222,1,3,1,1,2,2,1,1,3,2,3,1,1
"698",0.2840704,0.164843655727273,0.579384421679487,0.096343421,0.218458320333333,0.205890477833333,0.131568743531746,4,3,4,1,3,3,1,3,3,2,3,1,1
"699",0.26526966,0.17335471547619,0.211901983333333,0.8030197,0.0093493,0.0133332,0.000417646399999962,1,3,3,1,2,2,1,3,3,1,3,1,1
"700",0.22135,0.140177417505051,0.534576473809524,0.534510595,0.244424717,0.0131040745589743,0.0800456429333333,1,3,3,1,3,2,1,2,3,2,3,1,1
"701",0.237753117142857,0.0899992261666667,0.756787898452381,0.697748043809524,0.2685007,0.00694462719139191,0.0821184422222222,1,3,1,1,2,2,1,1,3,2,3,1,1
"702",0.2840704,0.164843655727273,0.579384421679487,0.096343421,0.218458320333333,0.205890477833333,0.131568743531746,4,3,4,1,3,3,1,3,3,2,3,1,1
"703",0.281596696666667,0.157644251060606,0.627571683512821,0.357864156666666,0.253706248333333,0.0925670303333334,0.075678,2,3,4,3,3,3,1,3,3,2,3,1,1
"704",0.284085796666667,0.157374741060606,0.638226883512821,0.352178056666667,0.253687258333333,0.0898922686666667,0.120471574866667,2,3,4,3,3,3,1,3,3,2,3,1,1
"705",0.2840704,0.164843655727273,0.579384421679487,0.096343421,0.218458320333333,0.205890477833333,0.131568743531746,4,3,4,1,3,3,1,3,3,2,3,1,1
"706",0.248809964571428,0.100765735833333,0.85798985,0.77757,0.385881391904762,0.046019137,0.119872226464646,4,3,4,3,5,3,1,3,3,2,3,1,1
"707",0.2840704,0.164843655727273,0.579384421679487,0.096343421,0.218458320333333,0.205890477833333,0.131568743531746,4,3,4,1,3,3,1,3,3,2,3,1,1
"708",0.238144257142857,0.0874028111666667,0.75019,0.701391943809524,0.272432465,0.0102779271913919,0.0821184422222222,1,3,1,1,2,2,1,1,3,2,3,1,1
"709",0.117330783666667,0.020652,0.776491904428571,0.610464523809524,0.31247281,0.00220196041025638,0.5673854,1,3,1,1,3,3,1,1,3,2,2,1,1
"710",0.2840704,0.164843655727273,0.579384421679487,0.096343421,0.218458320333333,0.205890477833333,0.131568743531746,4,3,4,1,3,3,1,3,3,2,3,1,1
"711",0.2820745,0.161948785727273,0.549211792346153,0.088548031,0.21558,0.194960789833333,0.141241093531746,4,3,4,1,3,3,1,3,3,2,3,1,1
"712",0.2840704,0.164843655727273,0.579384421679487,0.096343421,0.218458320333333,0.205890477833333,0.131568743531746,4,3,4,1,3,3,1,3,3,2,3,1,1
"713",0.250583077142857,0.0969875675,0.772137734166666,0.706413452142857,0.27312,0.00876030653754576,0.0801881722222222,1,3,1,1,2,2,1,1,3,2,3,1,1
"714",0.2840704,0.164843655727273,0.579384421679487,0.096343421,0.218458320333333,0.205890477833333,0.131568743531746,4,3,4,1,3,3,1,3,3,2,3,1,1
"715",0.2840704,0.164843655727273,0.579384421679487,0.096343421,0.218458320333333,0.205890477833333,0.131568743531746,4,3,4,1,3,3,1,3,3,2,3,1,1
"716",0.2840704,0.164843655727273,0.579384421679487,0.096343421,0.218458320333333,0.205890477833333,0.131568743531746,4,3,4,1,3,3,1,3,3,2,3,1,1
"717",0.2840704,0.164843655727273,0.579384421679487,0.096343421,0.218458320333333,0.205890477833333,0.131568743531746,4,3,4,1,3,3,1,3,3,2,3,1,1
"718",0.281331229242424,0.174627161666667,0.244342608333333,0.80127185,-0.014765,0.0566661,-0.000325675818181849,1,3,3,1,3,2,1,3,3,1,3,1,1
"719",0.2840704,0.164843655727273,0.579384421679487,0.096343421,0.218458320333333,0.205890477833333,0.131568743531746,4,3,4,1,3,3,1,3,3,2,3,1,1
"720",0.372797633888889,0.33576,0.595990433333333,0.479224956666666,0.274607673333334,0.08137425,0.1267879,2,3,2,1,1,3,1,3,3,2,4,2,1
"721",0.2840704,0.164843655727273,0.579384421679487,0.096343421,0.218458320333333,0.205890477833333,0.131568743531746,4,3,4,1,3,3,1,3,3,2,3,1,1
"722",0.128214172644444,0.0921721988888889,0.566199281809523,0.38278471,0.271571016666667,0.00443308345634918,0.41954,1,3,3,1,3,3,1,1,3,2,3,1,1
"723",0.248951617142857,0.1009765525,0.787785367499999,0.712446852142857,0.273333116666666,0.00420176976282048,0.0801881722222222,1,3,1,1,2,2,1,1,3,2,3,1,1
"724",0.144772875,0.0868408892222223,0.588641556666666,0.2857888,0.280737723333333,-0.06119,0.0642777,1,3,3,1,3,3,1,1,3,2,3,1,1
"725",0.0436862886285714,0.07468,0.4250188,0.644758982142857,0.334231551666667,0.020483716,0.777078457936508,1,3,1,1,2,3,1,1,3,2,2,1,2
"726",0.085117,0.116411598060606,0.545682340061905,0.414426306666667,0.230251903857143,0.00907276977777775,0.14562274,1,3,3,1,3,3,1,1,3,2,3,1,1
"727",0.2840704,0.164843655727273,0.579384421679487,0.096343421,0.218458320333333,0.205890477833333,0.131568743531746,4,3,4,1,3,3,1,3,3,2,3,1,1
"728",0.097437964652381,0.0436377689166667,0.6957401433,0.690640027380952,0.298148586666667,0.0104842604102564,0.42777,1,3,1,1,3,3,1,1,3,2,2,1,2
"729",0.231376735,0.15961,0.469647906666666,0.568617892142857,0.267016035333333,0.013544212247619,0.1752168732,1,3,3,1,3,3,1,2,3,2,3,1,1
"730",0.255083757142857,0.0975574841666667,0.803987241309523,0.639632689642857,0.24383,0.00900827253754576,0.0824829922222222,1,3,1,1,2,2,1,3,3,2,3,1,1
"731",0.2840704,0.164843655727273,0.579384421679487,0.096343421,0.218458320333333,0.205890477833333,0.131568743531746,4,3,4,1,3,3,1,3,3,2,3,1,1
"732",0.144772875,0.0868408892222223,0.588641556666666,0.2857888,0.280737723333333,-0.058661,0.0642777,1,3,3,1,3,3,1,1,3,2,3,1,1
"733",0.2867776,0.171549014393939,0.64285,0.160119651,0.211516090714286,0.1838498695,0.13714123234127,4,3,4,1,3,3,1,3,3,2,3,1,1
"734",0.2840704,0.164843655727273,0.579384421679487,0.096343421,0.218458320333333,0.205890477833333,0.131568743531746,4,3,4,1,3,3,1,3,3,2,3,1,1
"735",0.2840704,0.164843655727273,0.579384421679487,0.096343421,0.218458320333333,0.205890477833333,0.131568743531746,4,3,4,1,3,3,1,3,3,2,3,1,1
"736",0.144772875,0.0868408892222223,0.588641556666666,0.2857888,0.280737723333333,-0.15171,0.0642777,1,3,3,1,3,3,1,1,3,2,3,1,1
"737",0.46038991,0.49429,0.641866476923077,0.643026158333333,0.319001243333333,0.10709245,0.20869318,2,3,2,1,5,3,1,3,3,2,4,2,1
"738",0.2840704,0.164843655727273,0.579384421679487,0.096343421,0.218458320333333,0.205890477833333,0.131568743531746,4,3,4,1,3,3,1,3,3,2,3,1,1
"739",0.2840704,0.164843655727273,0.579384421679487,0.096343421,0.218458320333333,0.205890477833333,0.131568743531746,4,3,4,1,3,3,1,3,3,2,3,1,1
"740",0.2840704,0.164843655727273,0.579384421679487,0.096343421,0.218458320333333,0.205890477833333,0.131568743531746,4,3,4,1,3,3,1,3,3,2,3,1,1
"741",0.2840704,0.164843655727273,0.579384421679487,0.096343421,0.218458320333333,0.205890477833333,0.131568743531746,4,3,4,1,3,3,1,3,3,2,3,1,1
"742",0.2840704,0.164843655727273,0.579384421679487,0.096343421,0.218458320333333,0.205890477833333,0.131568743531746,4,3,4,1,3,3,1,3,3,2,3,1,1
"743",0.248951617142857,0.1009765525,0.787785367499999,0.712446852142857,0.273333116666666,0.00420176976282048,0.0801881722222222,1,3,1,1,2,2,1,1,3,2,3,1,1
"744",0.2840704,0.164843655727273,0.579384421679487,0.096343421,0.218458320333333,0.205890477833333,0.131568743531746,4,3,4,1,3,3,1,3,3,2,3,1,1
"745",0.2840704,0.164843655727273,0.579384421679487,0.096343421,0.218458320333333,0.205890477833333,0.131568743531746,4,3,4,1,3,3,1,3,3,2,3,1,1
"746",0.2840704,0.164843655727273,0.579384421679487,0.096343421,0.218458320333333,0.205890477833333,0.131568743531746,4,3,4,1,3,3,1,3,3,2,3,1,1
"747",0.281331229242424,0.174627161666667,0.244342608333333,0.80127185,-0.011441,0.0566661,-0.000325675818181849,1,3,3,1,3,2,1,3,3,1,3,1,1
"748",0.252959517142857,0.0989082591666667,0.781013184166666,0.734709987857143,0.272837016666666,0.00669666119139191,0.0807233922222222,1,3,1,1,2,2,1,1,3,2,3,1,1
"749",0.2840704,0.164843655727273,0.579384421679487,0.096343421,0.218458320333333,0.205890477833333,0.131568743531746,4,3,4,1,3,3,1,3,3,2,3,1,1
"750",0.24413,0.153477799060606,0.493335918416666,0.559305998809524,0.268110498666667,0.016445011747619,0.1752168732,1,3,3,1,3,3,1,2,3,2,3,1,1
"751",0.2840704,0.164843655727273,0.579384421679487,0.096343421,0.218458320333333,0.205890477833333,0.131568743531746,4,3,4,1,3,3,1,3,3,2,3,1,1
"752",0.248951617142857,0.1009765525,0.787785367499999,0.712446852142857,0.273333116666666,0.00420176976282048,0.0801881722222222,1,3,1,1,2,2,1,1,3,2,3,1,1
"753",0.19432,0.120183399727273,0.627563445642857,0.493963322142857,0.269921999857143,0.018600754047619,0.1012752532,1,3,3,1,3,3,1,2,3,2,3,1,1
"754",0.2840704,0.164843655727273,0.579384421679487,0.096343421,0.218458320333333,0.205890477833333,0.131568743531746,4,3,4,1,3,3,1,3,3,2,3,1,1
"755",0.2840704,0.164843655727273,0.579384421679487,0.096343421,0.218458320333333,0.205890477833333,0.131568743531746,4,3,4,1,3,3,1,3,3,2,3,1,1
"756",0.1161177246,-0.059068,0.756633054428571,0.6404003,0.32301402,0.0271508604102564,0.55995715,1,3,1,1,3,3,1,1,3,2,2,1,1
"757",0.2840704,0.164843655727273,0.579384421679487,0.096343421,0.218458320333333,0.205890477833333,0.131568743531746,4,3,4,1,3,3,1,3,3,2,3,1,1
"758",0.1161177246,-0.056581,0.756633054428571,0.6254847,0.321739068333333,0.0271508604102564,0.5602465,1,3,1,1,3,3,1,1,3,2,2,1,1
"759",0.248951617142857,0.1009765525,0.787785367499999,0.712446852142857,0.273333116666666,0.00420176976282048,0.0801881722222222,1,3,1,1,2,2,1,1,3,2,3,1,1
"760",0.2840704,0.164843655727273,0.579384421679487,0.096343421,0.218458320333333,0.205890477833333,0.131568743531746,4,3,4,1,3,3,1,3,3,2,3,1,1
"761",0.2840704,0.164843655727273,0.579384421679487,0.096343421,0.218458320333333,0.205890477833333,0.131568743531746,4,3,4,1,3,3,1,3,3,2,3,1,1
"762",0.445172004166666,0.261221581746032,0.853688951111111,0.343713625,0.127998064166667,0.00353824985897432,-0.00749553846223223,3,3,4,1,3,3,1,3,3,2,3,1,1
"763",0.2840704,0.164843655727273,0.579384421679487,0.096343421,0.218458320333333,0.205890477833333,0.131568743531746,4,3,4,1,3,3,1,3,3,2,3,1,1
"764",0.254379417142857,0.0989082591666667,0.779766834166666,0.731316987857143,0.272732016666666,0.00669666119139191,0.0807233922222222,1,3,1,1,2,2,1,1,3,2,3,1,1
"765",0.2840704,0.164843655727273,0.579384421679487,0.096343421,0.218458320333333,0.205890477833333,0.131568743531746,4,3,4,1,3,3,1,3,3,2,3,1,1
"766",0.16287,0.108249000666667,0.600926656666666,0.270420008333334,0.269235319190476,-0.0320971129314366,0.05001689744,1,3,3,1,3,3,1,1,3,2,3,1,1
"767",0.254379417142857,0.0989082591666667,0.779766834166666,0.71224,0.272732016666666,0.00669666119139191,0.0807233922222222,1,3,1,1,2,2,1,1,3,2,3,1,1
"768",0.144531836666667,0.153186295333333,-0.10283,0.31015413,0.242463921666667,0.0644577089242424,0.420714191666667,4,3,4,1,3,3,1,1,3,2,3,1,1
"769",0.288450665,0.175761700227273,0.63650166485409,0.41104954,0.079649,0.015833175,-0.0350266482275146,3,3,3,1,3,4,1,3,3,2,3,1,1
"770",0.233202098333333,0.151550665727273,0.52494259,0.569919758809524,0.273416877380952,0.019891814547619,0.1703272,1,3,3,1,3,3,1,2,3,2,3,1,1
"771",0.252959517142857,0.0989082591666667,0.781013184166666,0.734709987857143,0.272837016666666,0.00669666119139191,0.0807233922222222,1,3,1,1,2,2,1,1,3,2,3,1,1
"772",0.2840704,0.164843655727273,0.579384421679487,0.096343421,0.218458320333333,0.205890477833333,0.131568743531746,4,3,4,1,3,3,1,3,3,2,3,1,1
"773",0.0433816987452381,0.047197,0.5450193,0.740500682142857,0.327821031666667,0.016643412,0.819726093650794,1,3,1,1,2,3,1,1,3,2,2,1,2
"774",0.2840704,0.164843655727273,0.579384421679487,0.096343421,0.218458320333333,0.205890477833333,0.131568743531746,4,3,4,1,3,3,1,3,3,2,3,1,1
"775",0.294032523333333,0.162811254060606,0.610519865384615,0.263480681,0.218248665919414,0.39693,0.0757172240333333,4,5,4,1,3,3,1,3,3,2,3,1,1
"776",0.2840704,0.164843655727273,0.579384421679487,0.096343421,0.218458320333333,0.205890477833333,0.131568743531746,4,3,4,1,3,3,1,3,3,2,3,1,1
"777",0.334643766666667,0.1587315575,0.759826819346154,0.363226425,0.119377738833333,0.0151025891666666,-0.14132,3,3,4,1,3,4,1,3,3,2,3,1,1
"778",0.144772875,0.0868408892222223,0.588641556666666,0.2857888,0.280737723333333,-0.079726,0.0642777,1,3,3,1,3,3,1,1,3,2,3,1,1
"779",0.405147175555556,0.3261,0.6890458,0.659004933333333,0.343744254047619,0.0466662,0.176666666666667,4,3,2,1,5,3,1,3,3,2,4,2,1
"780",0.244709989166667,0.140937678,0.641138616666667,0.716871475,0.53187,0.057205264,0.229920122222222,1,3,3,1,5,3,1,2,3,2,3,1,1
"781",0.248951617142857,0.1009765525,0.787785367499999,0.712446852142857,0.273333116666666,0.00420176976282048,0.0801881722222222,1,3,1,1,2,2,1,1,3,2,3,1,1
"782",0.237777877142857,0.0948443341666667,0.72704,0.705152252142857,0.271802908333333,0.00900827253754576,0.0805527222222222,1,3,1,1,2,2,1,1,3,2,3,1,1
"783",0.2840704,0.164843655727273,0.588485088346153,0.091262721,0.217656920333333,0.203789389833333,0.13515,4,3,4,1,3,3,1,3,3,2,3,1,1
"784",0.26526966,0.17335471547619,0.211901983333333,0.8030197,0.0094911,0.0133332,0.000417646399999962,1,3,3,1,2,2,1,3,3,1,3,1,1
"785",0.142239557166667,0.112760016393939,0.549531035961905,0.373300263333333,0.241401698095238,0.00628886706981904,0.08935747784,1,3,3,1,3,3,1,1,3,2,3,1,1
"786",0.224618328333333,0.152461712393939,0.52734349,0.555877258809524,0.272024738666666,0.011523157747619,0.1652168732,1,3,3,1,3,3,1,2,3,2,3,1,1
"787",0.2840704,0.164843655727273,0.579384421679487,0.096343421,0.218458320333333,0.205890477833333,0.131568743531746,4,3,4,1,3,3,1,3,3,2,3,1,1
"788",0.17313561,0.0509154623214285,0.95174,0.387990814722222,0.173850322619047,0.00633251927272723,0.0148748292,4,3,4,1,3,4,1,1,3,2,3,1,1
"789",0.279062555333333,0.154112624238095,0.503999781119047,0.355705400714286,0.1422196725,0.0222163670526316,-0.00449021536000001,3,3,4,1,3,4,1,1,3,2,3,1,1
"790",0.287680023333333,0.181261751666667,0.282616686904762,0.8207173,0.045116,0.00997671199999996,-0.000375768000000033,1,3,3,1,2,2,1,3,3,1,3,1,1
"791",0.0423623781719047,0.0566665583174603,0.5516859,0.717966096428571,0.314746921666667,0.016643412,0.80032,1,3,1,1,2,3,1,1,3,2,2,1,2
"792",0.0422577486285714,0.0770194729642857,0.4283522,0.649674482142857,0.334231551666667,0.020483716,0.76979,1,3,1,1,2,3,1,1,3,2,2,1,2
"793",0.2840704,0.164843655727273,0.579384421679487,0.096343421,0.218458320333333,0.205890477833333,0.131568743531746,4,3,4,1,3,3,1,3,3,2,3,1,1
"794",0.144772875,0.0868408892222223,0.588641556666666,0.2857888,0.280737723333333,-0.063934,0.0642777,1,3,3,1,3,3,1,1,3,2,3,1,1
"795",0.445172004166666,0.261221581746032,0.853688951111111,0.343713625,0.127998064166667,0.00353824985897432,-0.00749553846223223,3,3,4,1,3,3,1,3,3,2,3,1,1
"796",0.2840704,0.164843655727273,0.579384421679487,0.096343421,0.218458320333333,0.205890477833333,0.131568743531746,4,3,4,1,3,3,1,3,3,2,3,1,1
"797",0.038232,0.0530726981507936,0.5450193,0.733833882142857,0.334349481666667,0.019976712,0.818398456984127,1,3,1,1,2,3,1,1,3,2,2,1,2
"798",0.2840704,0.164843655727273,0.579384421679487,0.096343421,0.218458320333333,0.205890477833333,0.131568743531746,4,3,4,1,3,3,1,3,3,2,3,1,1
"799",0.140831106333333,0.090897,0.619558656666666,0.280327666666667,0.271450976666667,-0.0444969723703915,0.0542777,1,3,3,1,3,3,1,1,3,2,3,1,1
"800",0.254379417142857,0.0989082591666667,0.779766834166666,0.731316987857143,0.272732016666666,0.00669666119139191,0.0807233922222222,1,3,1,1,2,2,1,1,3,2,3,1,1
"801",0.2840704,0.164843655727273,0.579384421679487,0.096343421,0.218458320333333,0.205890477833333,0.131568743531746,4,3,4,1,3,3,1,3,3,2,3,1,1
"802",0.250583077142857,0.0969875675,0.772137734166666,0.706413452142857,0.27487,0.00876030653754576,0.0801881722222222,1,3,1,1,2,2,1,1,3,2,3,1,1
"803",0.2387212,0.16394,0.476314606666666,0.563313582142857,0.264757415333333,0.021902977747619,0.1609258332,1,3,3,1,3,3,1,2,3,2,3,1,1
"804",0.234510803611111,0.137741099333334,0.5285739105,0.82488,0.324011037333333,0.0167824098809524,0.2427484232,1,3,3,1,3,3,1,2,3,2,3,1,1
"805",0.375295925,0.36537,0.5482123,0.442508181666667,0.285695713333333,0.099087862,0.1257798175,2,3,2,1,4,3,1,3,3,2,4,2,1
"806",0.2840704,0.164843655727273,0.579384421679487,0.096343421,0.218458320333333,0.205890477833333,0.131568743531746,4,3,4,1,3,3,1,3,3,2,3,1,1
"807",0.2840704,0.164843655727273,0.579384421679487,0.096343421,0.218458320333333,0.205890477833333,0.131568743531746,4,3,4,1,3,3,1,3,3,2,3,1,1
"808",0.202237213333333,0.102094368,0.810406357142857,0.746579975,0.7367,0.0698722483636363,0.159920122222222,1,3,3,1,5,3,1,2,3,2,3,1,1
"809",0.2840704,0.164843655727273,0.579384421679487,0.096343421,0.218458320333333,0.205890477833333,0.131568743531746,4,3,4,1,3,3,1,3,3,2,3,1,1
"810",0.2838426,0.164679645727273,0.579705581679486,0.097206431,0.2228,0.202838277833333,0.121572583531746,4,3,4,1,3,3,1,3,3,2,3,1,1
"811",0.2840704,0.164843655727273,0.579384421679487,0.096343421,0.218458320333333,0.205890477833333,0.131568743531746,4,3,4,1,3,3,1,3,3,2,3,1,1
"812",0.254379417142857,0.0989082591666667,0.779766834166666,0.731316987857143,0.272732016666666,0.00669666119139191,0.0807233922222222,1,3,1,1,2,2,1,1,3,2,3,1,1
"813",0.2840704,0.164843655727273,0.579384421679487,0.096343421,0.218458320333333,0.205890477833333,0.131568743531746,4,3,4,1,3,3,1,3,3,2,3,1,1
"814",0.144772875,0.0868408892222223,0.588641556666666,0.2857888,0.280737723333333,-0.08475,0.0642777,1,3,3,1,3,3,1,1,3,2,3,1,1
"815",0.0460444554052381,0.0586355636507936,0.5783527,0.730500682142857,0.323139721666667,0.016724048,0.798601051269841,1,3,1,1,2,3,1,1,3,2,2,1,2
"816",0.2840704,0.164843655727273,0.579384421679487,0.096343421,0.218458320333333,0.205890477833333,0.131568743531746,4,3,4,1,3,3,1,3,3,2,3,1,1
"817",0.2840704,0.164843655727273,0.579384421679487,0.096343421,0.218458320333333,0.205890477833333,0.131568743531746,4,3,4,1,3,3,1,3,3,2,3,1,1
"818",0.310663881666667,0.1608223575,0.701245904298535,0.325915005,0.10521,0.0242691641666667,-0.11821731453186,3,3,4,1,3,4,1,3,3,2,3,1,1
"819",0.2840704,0.164843655727273,0.579384421679487,0.096343421,0.218458320333333,0.205890477833333,0.131568743531746,4,3,4,1,3,3,1,3,3,2,3,1,1
"820",0.1161177246,-0.030507,0.756633054428571,0.6404003,0.32301402,0.0271508604102564,0.55995715,1,3,1,1,3,3,1,1,3,2,2,1,1
"821",0.2840704,0.164843655727273,0.579384421679487,0.096343421,0.218458320333333,0.205890477833333,0.131568743531746,4,3,4,1,3,3,1,3,3,2,3,1,1
"822",0.2840704,0.164843655727273,0.579384421679487,0.096343421,0.218458320333333,0.205890477833333,0.131568743531746,4,3,4,1,3,3,1,3,3,2,3,1,1
"823",0.2840704,0.164843655727273,0.579384421679487,0.096343421,0.218458320333333,0.205890477833333,0.131568743531746,4,3,4,1,3,3,1,3,3,2,3,1,1
"824",0.2840704,0.164843655727273,0.579384421679487,0.096343421,0.218458320333333,0.205890477833333,0.131568743531746,4,3,4,1,3,3,1,3,3,2,3,1,1
"825",0.27586375,0.168324243,0.565601692346153,0.107742141,0.215264468666666,0.184597367833333,0.15157,4,3,4,1,3,3,1,3,3,2,3,1,1
"826",0.334643766666667,0.1587315575,0.759826819346154,0.363226425,0.119377738833333,0.0151025891666666,-0.08795,3,3,4,1,3,4,1,3,3,2,3,1,1
"827",0.2840704,0.164843655727273,0.579384421679487,0.096343421,0.218458320333333,0.205890477833333,0.131568743531746,4,3,4,1,3,3,1,3,3,2,3,1,1
"828",0.2840704,0.164843655727273,0.579384421679487,0.096343421,0.218458320333333,0.205890477833333,0.131568743531746,4,3,4,1,3,3,1,3,3,2,3,1,1
"829",0.2840704,0.164843655727273,0.579384421679487,0.096343421,0.218458320333333,0.205890477833333,0.131568743531746,4,3,4,1,3,3,1,3,3,2,3,1,1
"830",0.0460444554052381,0.0586355636507936,0.5783527,0.730500682142857,0.323139721666667,0.016724048,0.798601051269841,1,3,1,1,2,3,1,1,3,2,2,1,2
"831",0.2665333,0.170755911333333,0.523393165679487,0.161610891,0.205065828666666,0.16157,0.131614228531746,4,3,4,1,3,3,1,3,3,2,3,1,1
"832",0.145304775,0.0868408892222223,0.588641556666666,0.2857888,0.280737723333333,-0.037494,0.0642777,1,3,3,1,3,3,1,1,3,2,3,1,1
"833",0.2840704,0.164843655727273,0.579384421679487,0.096343421,0.218458320333333,0.205890477833333,0.131568743531746,4,3,4,1,3,3,1,3,3,2,3,1,1
"834",0.2675824,0.156627264833334,0.483460430952381,0.43576093,0.151151299583333,0.0231883390526316,-0.017067,3,3,3,1,2,4,1,2,3,2,3,1,1
"835",0.2840704,0.164843655727273,0.579384421679487,0.096343421,0.218458320333333,0.205890477833333,0.131568743531746,4,3,4,1,3,3,1,3,3,2,3,1,1
"836",0.254379417142857,0.0989082591666667,0.779766834166666,0.731316987857143,0.272732016666666,0.00669666119139191,0.0807233922222222,1,3,1,1,2,2,1,1,3,2,3,1,1
"837",0.144772875,0.0868408892222223,0.588641556666666,0.2857888,0.280737723333333,-0.078632,0.0642777,1,3,3,1,3,3,1,1,3,2,3,1,1
"838",0.231251067777778,0.148285839060606,0.522067313809524,0.54755,0.268553088666667,0.020068654747619,0.1652168732,1,3,3,1,3,3,1,2,3,2,3,1,1
"839",0.2840704,0.164843655727273,0.579384421679487,0.096343421,0.218458320333333,0.205890477833333,0.131568743531746,4,3,4,1,3,3,1,3,3,2,3,1,1
"840",0.290052506666667,0.161865384393939,0.624178575012821,0.343622246666667,0.254517478333333,0.0895456186666667,0.1177508682,2,3,4,3,3,3,1,3,3,2,3,1,1
"841",0.2840704,0.164843655727273,0.579384421679487,0.096343421,0.218458320333333,0.205890477833333,0.131568743531746,4,3,4,1,3,3,1,3,3,2,3,1,1
"842",0.2840704,0.164843655727273,0.579384421679487,0.096343421,0.218458320333333,0.205890477833333,0.131568743531746,4,3,4,1,3,3,1,3,3,2,3,1,1
"843",0.224092335,0.14926931739394,0.509610313809524,0.54271,0.267864575333333,0.014860728747619,0.1752168732,1,3,3,1,3,3,1,2,3,2,3,1,1
"844",0.219856625,0.150283269666667,0.524278023333333,0.452656288809524,0.256296754380952,-0.0023188,0.13608398,1,3,3,1,3,3,1,2,3,2,3,1,1
"845",0.248951617142857,0.1009765525,0.787785367499999,0.712446852142857,0.273333116666666,0.00420176976282048,0.0801881722222222,1,3,1,1,2,2,1,1,3,2,3,1,1
"846",0.358688193333333,0.22595,0.723450315384615,0.3350126725,0.221088530586081,0.322235971858974,0.0456029366666667,4,5,4,1,3,3,1,3,3,2,3,1,1
"847",0.2840704,0.164843655727273,0.579384421679487,0.096343421,0.218458320333333,0.205890477833333,0.131568743531746,4,3,4,1,3,3,1,3,3,2,3,1,1
"848",0.2840704,0.164843655727273,0.579384421679487,0.096343421,0.218458320333333,0.205890477833333,0.131568743531746,4,3,4,1,3,3,1,3,3,2,3,1,1
"849",0.2840704,0.164843655727273,0.579384421679487,0.096343421,0.218458320333333,0.205890477833333,0.131568743531746,4,3,4,1,3,3,1,3,3,2,3,1,1
"850",0.2840704,0.164843655727273,0.579384421679487,0.096343421,0.218458320333333,0.205890477833333,0.131568743531746,4,3,4,1,3,3,1,3,3,2,3,1,1
"851",0.2840704,0.164843655727273,0.579384421679487,0.096343421,0.218458320333333,0.205890477833333,0.131568743531746,4,3,4,1,3,3,1,3,3,2,3,1,1
"852",0.39256,0.243430441746032,0.815335151444444,0.359892175,0.129414255833333,0.0117692891666666,-0.00901375624001,3,3,4,1,3,3,1,3,3,2,3,1,1
"853",0.2840704,0.164843655727273,0.579384421679487,0.096343421,0.218458320333333,0.205890477833333,0.131568743531746,4,3,4,1,3,3,1,3,3,2,3,1,1
"854",0.0460444554052381,0.0586355636507936,0.5783527,0.730500682142857,0.323139721666667,0.016724048,0.798601051269841,1,3,1,1,2,3,1,1,3,2,2,1,2
"855",0.2840704,0.164843655727273,0.579384421679487,0.096343421,0.218458320333333,0.205890477833333,0.131568743531746,4,3,4,1,3,3,1,3,3,2,3,1,1
"856",0.144772875,0.0868408892222223,0.588641556666666,0.2857888,0.280737723333333,-0.05526,0.0642777,1,3,3,1,3,3,1,1,3,2,3,1,1
"857",0.2840704,0.164843655727273,0.579384421679487,0.096343421,0.218458320333333,0.205890477833333,0.131568743531746,4,3,4,1,3,3,1,3,3,2,3,1,1
"858",0.26966191,0.165562511666667,0.533187625679487,0.096729,0.207845073666666,0.172766165833333,0.119833851865079,4,3,4,1,3,3,1,3,3,2,3,1,1
"859",0.254379417142857,0.0989082591666667,0.779766834166666,0.731316987857143,0.272732016666666,0.00669666119139191,0.0807233922222222,1,3,1,1,2,2,1,1,3,2,3,1,1
"860",0.2840704,0.164843655727273,0.579384421679487,0.096343421,0.218458320333333,0.205890477833333,0.131568743531746,4,3,4,1,3,3,1,3,3,2,3,1,1
"861",0.2840704,0.164843655727273,0.579384421679487,0.096343421,0.218458320333333,0.205890477833333,0.131568743531746,4,3,4,1,3,3,1,3,3,2,3,1,1
"862",0.281430476666667,0.155691654238095,0.498538981119047,0.44033604,0.134860138166667,0.0221931790526316,0.00040232,1,3,3,1,3,3,1,3,3,2,3,1,1
"863",0.142239557166667,0.112760016393939,0.549531035961905,0.373300263333333,0.241401698095238,0.00628886706981904,0.08935747784,1,3,3,1,3,3,1,1,3,2,3,1,1
"864",0.2840704,0.164843655727273,0.579384421679487,0.096343421,0.218458320333333,0.205890477833333,0.131568743531746,4,3,4,1,3,3,1,3,3,2,3,1,1
"865",0.169950263333333,0.0970435816666667,0.628947308666666,0.17714,0.277299803690476,-0.0141474768792389,0.03037183,1,3,3,1,3,3,1,1,3,2,3,1,1
"866",0.252959517142857,0.0989082591666667,0.781013184166666,0.734709987857143,0.272837016666666,0.00669666119139191,0.0807233922222222,1,3,1,1,2,2,1,1,3,2,3,1,1
"867",0.147808248,0.0505790809880952,0.964603619111111,0.389552614722222,0.17405,0.00573055110279259,0.010593106,4,3,4,1,3,4,1,1,3,2,3,1,1
"868",0.254379417142857,0.0986389291666667,0.779766834166666,0.73924,0.272732016666666,0.00669666119139191,0.0807233922222222,1,3,1,1,2,2,1,1,3,2,3,1,1
"869",0.51267,0.235527575,0.3860311465,0.531981922142857,0.2746064345,0.0287189095809524,0.442467115128205,1,3,3,1,3,3,3,2,3,2,3,1,1
"870",0.227268412777778,0.148237455727273,0.523814067142857,0.542853958809524,0.280154405333333,0.020159,0.1752168732,1,3,3,1,3,3,1,2,3,2,3,1,1
"871",0.2819,0.160208975727273,0.576018981679487,0.110701131,0.215403362,0.210014777833333,0.118375984781746,4,3,4,1,3,3,1,3,3,2,3,1,1
"872",0.00031964,0.0524383135674603,0.5175193,0.685649282142857,0.405555378333333,0.041643412,0.793664833650794,1,3,1,1,2,3,1,1,3,2,2,1,2
"873",0.2840704,0.164843655727273,0.579384421679487,0.096343421,0.218458320333333,0.205890477833333,0.131568743531746,4,3,4,1,3,3,1,3,3,2,3,1,1
"874",0.17313561,0.0509154623214285,0.97242,0.387990814722222,0.173850322619047,0.00633251927272723,0.0148748292,4,3,4,1,3,4,1,1,3,2,3,1,1
"875",0.2840704,0.164843655727273,0.579384421679487,0.096343421,0.218458320333333,0.205890477833333,0.131568743531746,4,3,4,1,3,3,1,3,3,2,3,1,1
"876",0.2838426,0.164843655727273,0.585528881679486,0.098173721,0.219645520333333,0.2309,0.126560384781746,4,3,4,1,3,3,1,3,3,2,3,1,1
"877",0.224618328333333,0.152461712393939,0.52734349,0.555877258809524,0.272024738666666,0.011523157747619,0.1652168732,1,3,3,1,3,3,1,2,3,2,3,1,1
"878",0.248951617142857,0.1009765525,0.787785367499999,0.712446852142857,0.273333116666666,0.00420176976282048,0.0801881722222222,1,3,1,1,2,2,1,1,3,2,3,1,1
"879",0.2840704,0.164843655727273,0.579384421679487,0.096343421,0.218458320333333,0.205890477833333,0.131568743531746,4,3,4,1,3,3,1,3,3,2,3,1,1
"880",0.2840704,0.164843655727273,0.579384421679487,0.096343421,0.218458320333333,0.205890477833333,0.131568743531746,4,3,4,1,3,3,1,3,3,2,3,1,1
"881",0.2917834,0.1309331765,0.668149838461538,0.348403043214286,0.177071046666667,0.047397069525641,0.037183,4,3,4,1,3,3,1,3,3,2,3,1,1
"882",0.2840704,0.164843655727273,0.579384421679487,0.096343421,0.218458320333333,0.205890477833333,0.131568743531746,4,3,4,1,3,3,1,3,3,2,3,1,1
"883",0.2840704,0.164843655727273,0.579384421679487,0.096343421,0.218458320333333,0.205890477833333,0.131568743531746,4,3,4,1,3,3,1,3,3,2,3,1,1
"884",0.2840704,0.164843655727273,0.579384421679487,0.096343421,0.218458320333333,0.205890477833333,0.131568743531746,4,3,4,1,3,3,1,3,3,2,3,1,1
"885",0.290052506666667,0.161865384393939,0.624178575012821,0.343622246666667,0.254517478333333,0.0895456186666667,0.1177508682,2,3,4,3,3,3,1,3,3,2,3,1,1
"886",0.154172347166667,0.101756893310606,0.61464969,0.532863308333333,0.30453,0.0205798560896603,0.1098285132,1,3,3,1,3,3,1,2,3,2,3,1,1
"887",0.2840704,0.164843655727273,0.579384421679487,0.096343421,0.218458320333333,0.205890477833333,0.131568743531746,4,3,4,1,3,3,1,3,3,2,3,1,1
"888",0.372070705476191,0.77305,0.821388741666667,0.635831624999999,0.439890771666666,0.0276066531428571,0.0566666666666666,2,3,2,1,5,2,1,4,3,3,4,2,1
"889",0.2840704,0.164843655727273,0.57131,0.096343421,0.217949320333333,0.205890477833333,0.131707143531746,4,3,4,1,3,3,1,3,3,2,3,1,1
"890",0.224618328333333,0.152461712393939,0.52734349,0.555877258809524,0.272024738666666,0.011523157747619,0.1652168732,1,3,3,1,3,3,1,2,3,2,3,1,1
"891",0.40795,0.256719788412698,0.806288751444444,0.358467575,0.127047164166667,0.0102048498589743,-0.00901375624001,3,3,4,1,3,3,1,3,3,2,3,1,1
"892",0.2840704,0.164843655727273,0.579384421679487,0.096343421,0.218458320333333,0.205890477833333,0.131568743531746,4,3,4,1,3,3,1,3,3,2,3,1,1
"893",0.334643766666667,0.1587315575,0.759826819346154,0.363226425,0.119377738833333,0.0151025891666666,-0.13096,3,3,4,1,3,4,1,3,3,2,3,1,1
"894",0.228712909583333,0.121300475833333,0.708636710360806,0.38389673047619,0.27873,0.060224644,0.122059095909091,2,3,4,3,3,3,1,3,3,2,3,1,1
"895",0.2840704,0.164843655727273,0.579384421679487,0.096343421,0.218458320333333,0.205890477833333,0.131568743531746,4,3,4,1,3,3,1,3,3,2,3,1,1
"896",0.2840704,0.164843655727273,0.579384421679487,0.096343421,0.218458320333333,0.205890477833333,0.131568743531746,4,3,4,1,3,3,1,3,3,2,3,1,1
"897",0.2675824,0.156627264833334,0.483460430952381,0.43576093,0.151151299583333,0.0231883390526316,-0.014883,3,3,3,1,2,4,1,2,3,2,3,1,1
"898",0.334643766666667,0.1587315575,0.759826819346154,0.363226425,0.1200570855,0.0151025891666666,-0.041486,3,3,4,1,3,4,1,3,3,2,3,1,1
"899",0.142239557166667,0.112760016393939,0.549531035961905,0.373300263333333,0.241401698095238,0.00628886706981904,0.08935747784,1,3,3,1,3,3,1,1,3,2,3,1,1
"900",0.2840704,0.164843655727273,0.579384421679487,0.096343421,0.218458320333333,0.205890477833333,0.131568743531746,4,3,4,1,3,3,1,3,3,2,3,1,1
"901",0.2840704,0.164843655727273,0.579384421679487,0.096343421,0.218458320333333,0.205890477833333,0.131568743531746,4,3,4,1,3,3,1,3,3,2,3,1,1
"902",0.2840704,0.164843655727273,0.579384421679487,0.096343421,0.218458320333333,0.205890477833333,0.131568743531746,4,3,4,1,3,3,1,3,3,2,3,1,1
"903",0.334643766666667,0.1587315575,0.759826819346154,0.363226425,0.119377738833333,0.0151025891666666,-0.23113,3,3,4,1,3,4,1,3,3,2,3,1,1
"904",0.2915547,0.163468110727273,0.616736881679487,0.188790816,0.19356,0.220052371166667,0.0780042359722222,4,3,4,1,3,3,1,3,3,2,3,1,1
"905",0.334643766666667,0.1587315575,0.759826819346154,0.363226425,0.119377738833333,0.0151025891666666,-0.13398,3,3,4,1,3,4,1,3,3,2,3,1,1
"906",0.2840704,0.164843655727273,0.579384421679487,0.096343421,0.218458320333333,0.205890477833333,0.131568743531746,4,3,4,1,3,3,1,3,3,2,3,1,1
"907",0.2840704,0.164843655727273,0.579384421679487,0.096343421,0.218458320333333,0.205890477833333,0.131568743531746,4,3,4,1,3,3,1,3,3,2,3,1,1
"908",0.0787437292523809,0.039937,0.6660996433,0.688020905952381,0.304842576666667,0.0092161373333333,0.609111696031746,1,3,1,1,3,3,1,1,3,2,2,1,2
"909",0.2840704,0.164843655727273,0.579384421679487,0.096343421,0.218458320333333,0.205890477833333,0.131568743531746,4,3,4,1,3,3,1,3,3,2,3,1,1
"910",0.179841313333333,0.0962654553333333,0.649778556666667,0.394285001666667,0.29702,-0.0185792739412047,0.02037183,1,3,3,1,3,1,1,1,3,2,2,1,1
"911",0.26881225,0.166822205,0.540164025679487,0.136721621,0.209651268666666,0.180954677833333,0.11466,4,3,4,1,3,3,1,3,3,2,3,1,1
"912",0.290052506666667,0.161865384393939,0.624178575012821,0.343622246666667,0.254517478333333,0.0895456186666667,0.1177508682,2,3,4,3,3,3,1,3,3,2,3,1,1
"913",0.195992124166667,0.11331,0.629678245642857,0.487561322142857,0.255574624857143,0.0105422278891109,0.0955641532,1,3,3,1,3,2,1,2,3,2,3,1,1
"914",-0.01686,0.0524383135674603,0.5175193,0.685649282142857,0.405555378333333,0.041643412,0.793664833650794,1,3,1,1,2,3,1,1,3,2,2,1,2
"915",0.2840704,0.164843655727273,0.579384421679487,0.096343421,0.218458320333333,0.205890477833333,0.131568743531746,4,3,4,1,3,3,1,3,3,2,3,1,1
"916",0.2840704,0.164843655727273,0.579384421679487,0.096343421,0.218458320333333,0.205890477833333,0.131568743531746,4,3,4,1,3,3,1,3,3,2,3,1,1
"917",0.144531836666667,0.153186295333333,0.059253,0.31015413,0.242463921666667,0.0644577089242424,0.420714191666667,4,3,4,1,3,3,1,1,3,2,3,1,1
"918",0.248951617142857,0.1009765525,0.787785367499999,0.712446852142857,0.273333116666666,0.00420176976282048,0.0801881722222222,1,3,1,1,2,2,1,1,3,2,3,1,1
"919",0.2840704,0.164843655727273,0.579384421679487,0.096343421,0.218458320333333,0.205890477833333,0.131568743531746,4,3,4,1,3,3,1,3,3,2,3,1,1
"920",0.334643766666667,0.1587315575,0.759826819346154,0.363226425,0.119377738833333,0.0151025891666666,-0.23292,3,3,4,1,3,4,1,3,3,2,3,1,1
"921",0.2840704,0.164843655727273,0.579384421679487,0.096343421,0.218458320333333,0.205890477833333,0.131568743531746,4,3,4,1,3,3,1,3,3,2,3,1,1
"922",0.2840704,0.164843655727273,0.579384421679487,0.096343421,0.218458320333333,0.205890477833333,0.131568743531746,4,3,4,1,3,3,1,3,3,2,3,1,1
"923",0.2840704,0.164843655727273,0.579384421679487,0.096343421,0.218458320333333,0.205890477833333,0.131568743531746,4,3,4,1,3,3,1,3,3,2,3,1,1
"924",0.2840704,0.164843655727273,0.579384421679487,0.096343421,0.218458320333333,0.205890477833333,0.131568743531746,4,3,4,1,3,3,1,3,3,2,3,1,1
"925",0.2840704,0.164843655727273,0.579384421679487,0.096343421,0.218458320333333,0.205890477833333,0.131568743531746,4,3,4,1,3,3,1,3,3,2,3,1,1
"926",0.2840704,0.164843655727273,0.579384421679487,0.096343421,0.218458320333333,0.205890477833333,0.131568743531746,4,3,4,1,3,3,1,3,3,2,3,1,1
"927",0.2840704,0.164843655727273,0.579384421679487,0.096343421,0.218458320333333,0.205890477833333,0.131568743531746,4,3,4,1,3,3,1,3,3,2,3,1,1
"928",0.294032523333333,0.162811254060606,0.610519865384615,0.263480681,0.218248665919414,0.4864,0.0757172240333333,4,5,4,1,3,3,1,3,3,2,3,1,1
"929",0.2840704,0.164843655727273,0.579384421679487,0.096343421,0.218458320333333,0.205890477833333,0.131568743531746,4,3,4,1,3,3,1,3,3,2,3,1,1
"930",0.179841313333333,0.0962654553333333,0.656445256666667,0.395358801666667,0.2998,-0.0185792739412047,0.02037183,1,3,3,1,3,1,1,1,3,2,2,1,1
"931",0.144772875,0.0868408892222223,0.588641556666666,0.2857888,0.280737723333333,-0.063902,0.0642777,1,3,3,1,3,3,1,1,3,2,3,1,1
"932",0.14514,0.0846125032222223,0.621825406666666,0.28640425,0.286122858333333,-0.0554332085041629,0.0642777,1,3,3,1,3,3,1,1,3,2,3,1,1
"933",0.285708036666667,0.154121709060606,0.64833,0.381385553333333,0.262308073333333,0.069469902,0.1302619132,2,3,4,3,3,3,1,3,3,2,3,1,1
"934",0.23019396,0.143995400727273,0.48784556,0.631071375,0.31451,0.0225174618809524,0.1584539832,1,3,3,1,3,3,1,2,3,2,3,1,1
"935",0.2840704,0.164843655727273,0.579384421679487,0.096343421,0.218458320333333,0.205890477833333,0.131568743531746,4,3,4,1,3,3,1,3,3,2,3,1,1
"936",0.37849,0.38376654,0.5515456,0.442508181666667,0.284942913333333,0.099087862,0.1257798175,2,3,2,1,4,3,1,3,3,2,4,2,1
"937",0.144772875,0.0868408892222223,0.588641556666666,0.2857888,0.280737723333333,-0.10443,0.0642777,1,3,3,1,3,3,1,1,3,2,3,1,1
"938",0.290052506666667,0.161865384393939,0.624178575012821,0.343622246666667,0.254517478333333,0.0895456186666667,0.1177508682,2,3,4,3,3,3,1,3,3,2,3,1,1
"939",0.2840704,0.164843655727273,0.579384421679487,0.096343421,0.218458320333333,0.205890477833333,0.131568743531746,4,3,4,1,3,3,1,3,3,2,3,1,1
"940",0.0353751952552381,0.0552693091507936,0.5483526,0.733833882142857,0.334349481666667,0.019976712,0.85223,1,3,1,1,2,3,1,1,3,2,2,1,2
"941",0.2840704,0.164843655727273,0.579384421679487,0.096343421,0.218458320333333,0.205890477833333,0.131568743531746,4,3,4,1,3,3,1,3,3,2,3,1,1
"942",0.224618328333333,0.152461712393939,0.52734349,0.555877258809524,0.272024738666666,0.011523157747619,0.1652168732,1,3,3,1,3,3,1,2,3,2,3,1,1
"943",0.2840704,0.164843655727273,0.579384421679487,0.096343421,0.218458320333333,0.205890477833333,0.131568743531746,4,3,4,1,3,3,1,3,3,2,3,1,1
"944",0.0369576863719047,0.0560547951507936,0.5379155433,0.743215372142857,0.327961121666667,0.016643412,0.65528,1,3,1,1,2,3,1,1,3,2,2,1,2
"945",0.10865,0.108424158893939,0.562802581728571,0.402229521666666,0.239568232190476,0.0145878457777778,0.1231986,1,3,3,1,3,3,1,1,3,2,3,1,1
"946",0.28146736,0.17868529,0.54313802251282,-0.17474,0.216802657,0.133797022333333,0.186734590555556,4,3,4,1,3,3,1,3,3,2,3,1,1
"947",0.2840704,0.164843655727273,0.579384421679487,0.096343421,0.218458320333333,0.205890477833333,0.131568743531746,4,3,4,1,3,3,1,3,3,2,3,1,1
"948",0.0571315367285714,0.080312,0.4550191,0.656256582142857,0.331768066666667,0.020282126,0.769295293650794,1,3,1,1,2,3,1,1,3,2,2,1,2
"949",0.0431982836719047,0.053015,0.5450193,0.727966096428571,0.320240701666667,0.016643412,0.812276257936508,1,3,1,1,2,3,1,1,3,2,2,1,2
"950",0.255745471666667,0.152008834,0.496797830952381,0.48249474,0.161447254583334,0.0180637290526316,-0.00854054880000001,1,3,3,1,3,4,1,2,3,2,3,1,1
"951",0.2840704,0.164843655727273,0.579384421679487,0.096343421,0.218458320333333,0.205890477833333,0.131568743531746,4,3,4,1,3,3,1,3,3,2,3,1,1
"952",0.2840704,0.164843655727273,0.579384421679487,0.096343421,0.218458320333333,0.205890477833333,0.131568743531746,4,3,4,1,3,3,1,3,3,2,3,1,1
"953",0.2786947,0.171048664393939,0.62087,0.147619741,0.211699657380952,0.204591852833333,0.14080889734127,4,3,4,1,3,3,1,3,3,2,3,1,1
"954",0.2840704,0.164843655727273,0.579384421679487,0.096343421,0.218458320333333,0.205890477833333,0.131568743531746,4,3,4,1,3,3,1,3,3,2,3,1,1
"955",0.251752717142857,0.0989082591666667,0.798408591309523,0.79279,0.267203928666667,0.00669666119139191,0.0807233922222222,1,3,1,1,2,2,1,3,3,2,3,1,1
"956",0.141623562666667,0.0928579834999999,0.90171,0.487237625,0.311696305714286,0.006758315972385,0.01982933,4,3,3,1,3,3,1,1,3,2,3,1,1
"957",0.248951617142857,0.1009765525,0.787785367499999,0.712446852142857,0.273333116666666,0.00420176976282048,0.0801881722222222,1,3,1,1,2,2,1,1,3,2,3,1,1
"958",0.2840704,0.164843655727273,0.579384421679487,0.096343421,0.218458320333333,0.205890477833333,0.131568743531746,4,3,4,1,3,3,1,3,3,2,3,1,1
"959",0.233202098333333,0.151550665727273,0.52494259,0.569919758809524,0.273416877380952,0.019891814547619,0.1703272,1,3,3,1,3,3,1,2,3,2,3,1,1
"960",0.25968305,0.16973945,0.511599757512821,0.144474415,0.207099193666667,0.148735779833333,0.14207,4,3,4,1,3,3,1,3,3,2,3,1,1
"961",0.35481297,0.21219,0.700061796957265,0.265681161666667,0.196820279047619,0.106804501166667,0.090802097012432,4,3,4,1,3,3,1,3,3,2,3,1,1
"962",0.2840704,0.164843655727273,0.579384421679487,0.096343421,0.218458320333333,0.205890477833333,0.131568743531746,4,3,4,1,3,3,1,3,3,2,3,1,1
"963",0.15323,0.0469192519880952,0.969391612444444,0.396858914722222,0.171182004285714,0.0146966,0.010593106,4,3,4,1,3,4,1,1,3,2,3,1,1
"964",0.2840704,0.164843655727273,0.579384421679487,0.096343421,0.218458320333333,0.205890477833333,0.131568743531746,4,3,4,1,3,3,1,3,3,2,3,1,1
"965",0.2840704,0.164843655727273,0.579384421679487,0.096343421,0.218458320333333,0.205890477833333,0.131568743531746,4,3,4,1,3,3,1,3,3,2,3,1,1
"966",0.2840704,0.164843655727273,0.579384421679487,0.096343421,0.218458320333333,0.205890477833333,0.131568743531746,4,3,4,1,3,3,1,3,3,2,3,1,1
"967",0.0460444554052381,0.0586355636507936,0.5783527,0.730500682142857,0.323139721666667,0.016724048,0.798601051269841,1,3,1,1,2,3,1,1,3,2,2,1,2
"968",0.254379417142857,0.0989082591666667,0.76387,0.731316987857143,0.272732016666666,0.00669666119139191,0.0807233922222222,1,3,1,1,2,2,1,1,3,2,3,1,1
"969",0.2840704,0.164843655727273,0.579384421679487,0.096343421,0.218458320333333,0.205890477833333,0.131568743531746,4,3,4,1,3,3,1,3,3,2,3,1,1
"970",0.2840704,0.164843655727273,0.579384421679487,0.096343421,0.218458320333333,0.205890477833333,0.131568743531746,4,3,4,1,3,3,1,3,3,2,3,1,1
"971",0.163130038333333,0.101092828166667,0.622578956666666,0.27476,0.27524732502381,-0.0341189749923341,0.04037263464,1,3,3,1,3,3,1,1,3,2,3,1,1
"972",0.2840704,0.164843655727273,0.579384421679487,0.096343421,0.218458320333333,0.205890477833333,0.131568743531746,4,3,4,1,3,3,1,3,3,2,3,1,1
"973",0.250691178333333,0.144064477333333,0.491879588095238,0.46976604,0.16327,0.0175707230526316,-0.00661655600000001,1,3,3,1,3,4,1,2,3,2,3,1,1
"974",0.2840704,0.164843655727273,0.579384421679487,0.096343421,0.218458320333333,0.205890477833333,0.131568743531746,4,3,4,1,3,3,1,3,3,2,3,1,1
"975",0.273760535,0.19034,0.444500658333333,0.553274915,0.16141110717803,0.0101063706666666,-0.00260266040000003,1,3,3,1,2,2,1,2,3,2,3,1,1
"976",0.2840704,0.164843655727273,0.579384421679487,0.096343421,0.218458320333333,0.205890477833333,0.131568743531746,4,3,4,1,3,3,1,3,3,2,3,1,1
"977",0.0422577486285714,0.078171,0.4183522,0.633856382142857,0.332036061666667,0.020282126,0.783545993650794,1,3,1,1,2,3,1,1,3,2,2,1,2
"978",0.238110417142857,0.0917863526666667,0.767851431785715,0.702289293809524,0.26743,0.00694462719139191,0.0821184422222222,1,3,1,1,2,2,1,1,3,2,3,1,1
"979",0.256555844571428,0.102259125833333,0.85798985,0.72561,0.383833091904762,0.047685787,0.119872226464646,4,3,4,3,5,3,1,3,3,2,3,1,1
"980",0.2840704,0.164843655727273,0.579384421679487,0.096343421,0.218458320333333,0.205890477833333,0.131568743531746,4,3,4,1,3,3,1,3,3,2,3,1,1
"981",0.2840704,0.164843655727273,0.579384421679487,0.096343421,0.218458320333333,0.205890477833333,0.131568743531746,4,3,4,1,3,3,1,3,3,2,3,1,1
"982",0.233202098333333,0.151550665727273,0.52494259,0.569919758809524,0.273416877380952,0.019891814547619,0.1703272,1,3,3,1,3,3,1,2,3,2,3,1,1
"983",0.0428768711619048,0.068114,0.4466854,0.737417182142857,0.359473451666667,0.02020139,0.832970154603175,1,5,1,1,2,3,1,1,3,2,2,1,2
"984",0.0577020643719047,0.057482709984127,0.581686,0.717966096428571,0.316354121666667,0.016643412,0.89528,1,3,1,1,2,3,1,1,3,2,2,1,2
"985",0.2840704,0.164843655727273,0.579384421679487,0.096343421,0.218458320333333,0.205890477833333,0.131568743531746,4,3,4,1,3,3,1,3,3,2,3,1,1
"986",0.233202098333333,0.151550665727273,0.52494259,0.569919758809524,0.273416877380952,0.019891814547619,0.1703272,1,3,3,1,3,3,1,2,3,2,3,1,1
"987",0.2840704,0.164843655727273,0.579384421679487,0.096343421,0.218458320333333,0.205890477833333,0.131568743531746,4,3,4,1,3,3,1,3,3,2,3,1,1
"988",0.2840704,0.164843655727273,0.579384421679487,0.096343421,0.218458320333333,0.205890477833333,0.131568743531746,4,3,4,1,3,3,1,3,3,2,3,1,1
"989",0.2840704,0.164843655727273,0.579384421679487,0.096343421,0.218458320333333,0.205890477833333,0.131568743531746,4,3,4,1,3,3,1,3,3,2,3,1,1
"990",0.2840704,0.164843655727273,0.579384421679487,0.096343421,0.218458320333333,0.205890477833333,0.131568743531746,4,3,4,1,3,3,1,3,3,2,3,1,1
"991",0.163130038333333,0.101092828166667,0.619245656666666,0.22389,0.27524732502381,-0.0309524692780484,0.04037263464,1,3,3,1,3,3,1,1,3,2,3,1,1
"992",0.204421798,0.128969910666667,0.6377098956,0.83865,0.368734072952381,0.0391417804761905,0.1155197232,4,3,3,1,3,3,1,1,3,2,3,2,1
"993",0.2840704,0.164843655727273,0.579384421679487,0.096343421,0.218458320333333,0.205890477833333,0.131568743531746,4,3,4,1,3,3,1,3,3,2,3,1,1
"994",0.2840704,0.164843655727273,0.579384421679487,0.096343421,0.218458320333333,0.205890477833333,0.131568743531746,4,3,4,1,3,3,1,3,3,2,3,1,1
"995",0.2840704,0.164843655727273,0.579384421679487,0.096343421,0.218458320333333,0.205890477833333,0.131568743531746,4,3,4,1,3,3,1,3,3,2,3,1,1
"996",0.2840704,0.164843655727273,0.579384421679487,0.096343421,0.218458320333333,0.205890477833333,0.131568743531746,4,3,4,1,3,3,1,3,3,2,3,1,1
"997",0.2840704,0.164843655727273,0.579384421679487,0.096343421,0.218458320333333,0.205890477833333,0.131568743531746,4,3,4,1,3,3,1,3,3,2,3,1,1
"998",0.2840704,0.164843655727273,0.579384421679487,0.096343421,0.218458320333333,0.205890477833333,0.131568743531746,4,3,4,1,3,3,1,3,3,2,3,1,1
"999",0.2840704,0.164843655727273,0.579384421679487,0.096343421,0.218458320333333,0.205890477833333,0.131568743531746,4,3,4,1,3,3,1,3,3,2,3,1,1
"1000",0.225106792777778,0.14793,0.523794267142857,0.533185258809524,0.286551732,0.0221292425476191,0.1925483732,1,3,3,1,3,3,1,2,3,2,3,1,1
